task,failure,route,seed,episode,knn_distance,knn_label_entropy,knn_local_purity,knn_recovery_review_mixing,knn_majority_route,knn_route_conflict
NeedlePick,action_dropout,auto_execute,43000,0,0.0,-0.0,1.0,0.0,auto_execute,0
NeedlePick,action_dropout,auto_execute,43002,0,0.028409154757152524,-0.0,1.0,0.0,auto_execute,0
NeedlePick,action_dropout,auto_execute,43004,0,0.0,-0.0,1.0,0.0,auto_execute,0
NeedlePick,action_dropout,auto_recovery,43000,0,0.0,-0.0,1.0,1.0,auto_recovery,0
NeedlePick,action_dropout,auto_recovery,43002,0,0.1561277452426697,-0.0,1.0,1.0,auto_recovery,0
NeedlePick,action_dropout,auto_recovery,43004,0,0.0,-0.0,1.0,1.0,auto_recovery,0
NeedlePick,action_dropout,auto_recovery,43000,0,0.0,-0.0,1.0,1.0,auto_recovery,0
NeedlePick,action_dropout,auto_recovery,43002,0,0.07387516751466186,-0.0,1.0,1.0,auto_recovery,0
NeedlePick,action_dropout,auto_recovery,43004,0,0.0,-0.0,1.0,1.0,auto_recovery,0
NeedlePick,action_noise,auto_execute,43000,0,0.0,-0.0,1.0,0.0,auto_execute,0
NeedlePick,action_noise,auto_execute,43002,0,0.028409154757152524,-0.0,1.0,0.0,auto_execute,0
NeedlePick,action_noise,auto_execute,43004,0,0.0,-0.0,1.0,0.0,auto_execute,0
NeedlePick,action_noise,auto_recovery,43000,0,0.0,-0.0,1.0,1.0,auto_recovery,0
NeedlePick,action_noise,auto_recovery,43002,0,0.01427331808510417,-0.0,1.0,1.0,auto_recovery,0
NeedlePick,action_noise,auto_recovery,43004,0,0.0,-0.0,1.0,1.0,auto_recovery,0
NeedlePick,action_noise,auto_recovery,43000,0,0.0,-0.0,1.0,1.0,auto_recovery,0
NeedlePick,action_noise,auto_recovery,43002,0,0.09486288612153938,-0.0,1.0,1.0,auto_recovery,0
NeedlePick,action_noise,auto_recovery,43004,0,0.0,-0.0,1.0,1.0,auto_recovery,0
NeedlePick,execution_slip,auto_execute,43000,0,0.0,-0.0,1.0,0.0,auto_execute,0
NeedlePick,execution_slip,auto_execute,43002,0,0.028409154757152524,-0.0,1.0,0.0,auto_execute,0
NeedlePick,execution_slip,auto_execute,43004,0,0.0,-0.0,1.0,0.0,auto_execute,0
NeedlePick,execution_slip,auto_recovery,43000,0,0.0,-0.0,1.0,1.0,auto_recovery,0
NeedlePick,execution_slip,auto_recovery,43002,0,0.014271605329049222,-0.0,1.0,1.0,auto_recovery,0
NeedlePick,execution_slip,auto_recovery,43004,0,0.0,-0.0,1.0,1.0,auto_recovery,0
NeedlePick,execution_slip,auto_recovery,43000,0,0.0,-0.0,1.0,1.0,auto_recovery,0
NeedlePick,execution_slip,auto_recovery,43002,0,0.03840826215352076,-0.0,1.0,1.0,auto_recovery,0
NeedlePick,execution_slip,auto_recovery,43004,0,0.0,-0.0,1.0,1.0,auto_recovery,0
NeedlePick,none,auto_execute,43000,0,0.0,-0.0,1.0,0.0,auto_execute,0
NeedlePick,none,auto_execute,43002,0,0.028409154757152524,-0.0,1.0,0.0,auto_execute,0
NeedlePick,none,auto_execute,43004,0,0.0,-0.0,1.0,0.0,auto_execute,0
NeedlePick,none,auto_execute,43000,0,0.0,-0.0,1.0,0.0,auto_execute,0
NeedlePick,none,auto_execute,43002,0,0.060690336490846715,-0.0,1.0,0.0,auto_execute,0
NeedlePick,none,auto_execute,43004,0,0.0,-0.0,1.0,0.0,auto_execute,0
GauzeRetrieve,action_dropout,auto_execute,43000,0,0.0,-0.0,1.0,0.0,auto_execute,0
GauzeRetrieve,action_dropout,auto_execute,43002,0,0.004054555151732593,-0.0,1.0,0.0,auto_execute,0
GauzeRetrieve,action_dropout,auto_execute,43004,0,0.0,-0.0,1.0,0.0,auto_execute,0
GauzeRetrieve,action_dropout,auto_recovery,43000,0,0.0,-0.0,1.0,1.0,auto_recovery,0
GauzeRetrieve,action_dropout,auto_recovery,43002,0,0.030568908841536676,-0.0,1.0,1.0,auto_recovery,0
GauzeRetrieve,action_dropout,auto_recovery,43004,0,0.0,-0.0,1.0,1.0,auto_recovery,0
GauzeRetrieve,action_dropout,auto_recovery,43000,0,0.0,-0.0,1.0,1.0,auto_recovery,0
GauzeRetrieve,action_dropout,auto_recovery,43002,0,0.05579813535965774,-0.0,1.0,1.0,auto_recovery,0
GauzeRetrieve,action_dropout,auto_recovery,43004,0,0.0,-0.0,1.0,1.0,auto_recovery,0
GauzeRetrieve,action_noise,auto_execute,43000,0,0.0,-0.0,1.0,0.0,auto_execute,0
GauzeRetrieve,action_noise,auto_execute,43002,0,0.004054555151732593,-0.0,1.0,0.0,auto_execute,0
GauzeRetrieve,action_noise,auto_execute,43004,0,0.0,-0.0,1.0,0.0,auto_execute,0
GauzeRetrieve,action_noise,auto_recovery,43000,0,0.0,-0.0,1.0,1.0,auto_recovery,0
GauzeRetrieve,action_noise,auto_recovery,43002,0,0.008514529754473785,-0.0,1.0,1.0,auto_recovery,0
GauzeRetrieve,action_noise,auto_recovery,43004,0,0.0,-0.0,1.0,1.0,auto_recovery,0
GauzeRetrieve,action_noise,auto_recovery,43000,0,0.0,-0.0,1.0,1.0,auto_recovery,0
GauzeRetrieve,action_noise,auto_recovery,43002,0,0.12323380468745238,-0.0,1.0,1.0,auto_recovery,0
GauzeRetrieve,action_noise,auto_recovery,43004,0,0.0,-0.0,1.0,1.0,auto_recovery,0
GauzeRetrieve,execution_slip,auto_execute,43000,0,0.0,-0.0,1.0,0.0,auto_execute,0
GauzeRetrieve,execution_slip,auto_execute,43002,0,0.004054555151732593,-0.0,1.0,0.0,auto_execute,0
GauzeRetrieve,execution_slip,auto_execute,43004,0,0.0,-0.0,1.0,0.0,auto_execute,0
GauzeRetrieve,execution_slip,auto_recovery,43000,0,0.0,-0.0,1.0,1.0,auto_recovery,0
GauzeRetrieve,execution_slip,auto_recovery,43002,0,0.02945284579503541,-0.0,1.0,1.0,auto_recovery,0
GauzeRetrieve,execution_slip,auto_recovery,43004,0,0.0,-0.0,1.0,1.0,auto_recovery,0
GauzeRetrieve,execution_slip,auto_recovery,43000,0,0.0,-0.0,1.0,1.0,auto_recovery,0
GauzeRetrieve,execution_slip,auto_recovery,43002,0,0.025598915419666378,-0.0,1.0,1.0,auto_recovery,0
GauzeRetrieve,execution_slip,auto_recovery,43004,0,0.0,-0.0,1.0,1.0,auto_recovery,0
GauzeRetrieve,none,auto_execute,43000,0,0.0,-0.0,1.0,0.0,auto_execute,0
GauzeRetrieve,none,auto_execute,43002,0,0.004054555151732593,-0.0,1.0,0.0,auto_execute,0
GauzeRetrieve,none,auto_execute,43004,0,0.0,-0.0,1.0,0.0,auto_execute,0
GauzeRetrieve,none,auto_execute,43000,0,0.0,-0.0,1.0,0.0,auto_execute,0
GauzeRetrieve,none,auto_execute,43002,0,0.001243165653673287,-0.0,1.0,0.0,auto_execute,0
GauzeRetrieve,none,auto_execute,43004,0,0.0,-0.0,1.0,0.0,auto_execute,0
NeedlePick,jaw_stuck_open,auto_execute,43000,0,0.0,-0.0,1.0,0.0,auto_execute,0
NeedlePick,jaw_stuck_open,auto_execute,43002,0,0.028409154757152524,-0.0,1.0,0.0,auto_execute,0
NeedlePick,jaw_stuck_open,auto_execute,43004,0,0.0,-0.0,1.0,0.0,auto_execute,0
NeedlePick,jaw_stuck_open,auto_execute,43006,0,0.014269071986253302,-0.0,1.0,0.0,auto_execute,0
NeedlePick,jaw_stuck_open,auto_execute,43008,0,0.0,-0.0,1.0,0.0,auto_execute,0
NeedlePick,jaw_stuck_open,human_review,43000,0,0.0,-0.0,1.0,1.0,human_review,0
NeedlePick,jaw_stuck_open,human_review,43002,0,0.09601081744024072,-0.0,1.0,1.0,human_review,0
NeedlePick,jaw_stuck_open,human_review,43004,0,0.0,-0.0,1.0,1.0,human_review,0
NeedlePick,jaw_stuck_open,human_review,43006,0,0.13448090933872317,-0.0,1.0,1.0,human_review,0
NeedlePick,jaw_stuck_open,human_review,43008,0,0.0,-0.0,1.0,1.0,human_review,0
NeedlePick,jaw_stuck_open,human_review,43000,0,0.0,-0.0,1.0,1.0,human_review,0
NeedlePick,jaw_stuck_open,human_review,43002,0,0.020073460030266062,-0.0,1.0,1.0,human_review,0
NeedlePick,jaw_stuck_open,human_review,43004,0,0.0,-0.0,1.0,1.0,human_review,0
NeedlePick,jaw_stuck_open,human_review,43006,0,0.022076886299485544,-0.0,1.0,1.0,human_review,0
NeedlePick,jaw_stuck_open,human_review,43008,0,0.0,-0.0,1.0,1.0,human_review,0
NeedlePick,none,auto_execute,43000,0,0.0,-0.0,1.0,0.0,auto_execute,0
NeedlePick,none,auto_execute,43002,0,0.028409154757152524,-0.0,1.0,0.0,auto_execute,0
NeedlePick,none,auto_execute,43004,0,0.0,-0.0,1.0,0.0,auto_execute,0
NeedlePick,none,auto_execute,43006,0,0.014269071986253302,-0.0,1.0,0.0,auto_execute,0
NeedlePick,none,auto_execute,43008,0,0.0,-0.0,1.0,0.0,auto_execute,0
NeedlePick,none,auto_execute,43000,0,0.0,-0.0,1.0,0.0,auto_execute,0
NeedlePick,none,auto_execute,43002,0,0.060690336490846715,-0.0,1.0,0.0,auto_execute,0
NeedlePick,none,auto_execute,43004,0,0.0,-0.0,1.0,0.0,auto_execute,0
NeedlePick,none,auto_execute,43006,0,0.045055349014358634,-0.0,1.0,0.0,auto_execute,0
NeedlePick,none,auto_execute,43008,0,0.0,-0.0,1.0,0.0,auto_execute,0
GauzeRetrieve,jaw_stuck_open,auto_execute,43000,0,0.0,-0.0,1.0,0.0,auto_execute,0
GauzeRetrieve,jaw_stuck_open,auto_execute,43002,0,0.0007336856106252583,-0.0,1.0,0.0,auto_execute,0
GauzeRetrieve,jaw_stuck_open,auto_execute,43004,0,0.0,-0.0,1.0,0.0,auto_execute,0
GauzeRetrieve,jaw_stuck_open,auto_execute,43006,0,0.030863192991562913,-0.0,1.0,0.0,auto_execute,0
GauzeRetrieve,jaw_stuck_open,auto_execute,43008,0,0.0,-0.0,1.0,0.0,auto_execute,0
GauzeRetrieve,jaw_stuck_open,human_review,43000,0,0.0,-0.0,1.0,1.0,human_review,0
GauzeRetrieve,jaw_stuck_open,human_review,43002,0,0.0002886191711577852,-0.0,1.0,1.0,human_review,0
GauzeRetrieve,jaw_stuck_open,human_review,43004,0,0.0,-0.0,1.0,1.0,human_review,0
GauzeRetrieve,jaw_stuck_open,human_review,43006,0,0.0037964844787407607,-0.0,1.0,1.0,human_review,0
GauzeRetrieve,jaw_stuck_open,human_review,43008,0,0.0,-0.0,1.0,1.0,human_review,0
GauzeRetrieve,jaw_stuck_open,human_review,43000,0,0.0,-0.0,1.0,1.0,human_review,0
GauzeRetrieve,jaw_stuck_open,human_review,43002,0,0.029482375558724076,-0.0,1.0,1.0,human_review,0
GauzeRetrieve,jaw_stuck_open,human_review,43004,0,0.0,-0.0,1.0,1.0,human_review,0
GauzeRetrieve,jaw_stuck_open,human_review,43006,0,0.4387145942014097,-0.0,1.0,1.0,human_review,0
GauzeRetrieve,jaw_stuck_open,human_review,43008,0,0.0,-0.0,1.0,1.0,human_review,0
GauzeRetrieve,none,auto_execute,43000,0,0.0,-0.0,1.0,0.0,auto_execute,0
GauzeRetrieve,none,auto_execute,43002,0,0.0007336856106252583,-0.0,1.0,0.0,auto_execute,0
GauzeRetrieve,none,auto_execute,43004,0,0.0,-0.0,1.0,0.0,auto_execute,0
GauzeRetrieve,none,auto_execute,43006,0,0.030863192991562913,-0.0,1.0,0.0,auto_execute,0
GauzeRetrieve,none,auto_execute,43008,0,0.0,-0.0,1.0,0.0,auto_execute,0
GauzeRetrieve,none,auto_execute,43000,0,0.0,-0.0,1.0,0.0,auto_execute,0
GauzeRetrieve,none,auto_execute,43002,0,0.0001722648790507283,-0.0,1.0,0.0,auto_execute,0
GauzeRetrieve,none,auto_execute,43004,0,0.0,-0.0,1.0,0.0,auto_execute,0
GauzeRetrieve,none,auto_execute,43006,0,0.03077097978670771,-0.0,1.0,0.0,auto_execute,0
GauzeRetrieve,none,auto_execute,43008,0,0.0,-0.0,1.0,0.0,auto_execute,0
NeedleReach,action_freeze,auto_execute,43000,0,0.0,-0.0,1.0,0.0,auto_execute,0
NeedleReach,action_freeze,auto_execute,43002,0,0.015277505537982362,-0.0,1.0,0.0,auto_execute,0
NeedleReach,action_freeze,auto_execute,43004,0,0.0,-0.0,1.0,0.0,auto_execute,0
NeedleReach,action_freeze,auto_recovery,43000,0,0.0,-0.0,1.0,1.0,auto_recovery,0
NeedleReach,action_freeze,auto_recovery,43002,0,0.01979762443396381,-0.0,1.0,1.0,auto_recovery,0
NeedleReach,action_freeze,auto_recovery,43004,0,0.0,-0.0,1.0,1.0,auto_recovery,0
NeedleReach,action_freeze,auto_recovery,43000,0,0.0,-0.0,1.0,1.0,auto_recovery,0
NeedleReach,action_freeze,auto_recovery,43002,0,0.3754983388308215,-0.0,1.0,1.0,auto_recovery,0
NeedleReach,action_freeze,auto_recovery,43004,0,0.0,-0.0,1.0,1.0,auto_recovery,0
NeedleReach,none,auto_execute,43000,0,0.0,-0.0,1.0,0.0,auto_execute,0
NeedleReach,none,auto_execute,43002,0,0.015277505537982362,-0.0,1.0,0.0,auto_execute,0
NeedleReach,none,auto_execute,43004,0,0.0,-0.0,1.0,0.0,auto_execute,0
NeedleReach,none,auto_execute,43000,0,0.0,-0.0,1.0,0.0,auto_execute,0
NeedleReach,none,auto_execute,43002,0,0.015277576432893748,-0.0,1.0,0.0,auto_execute,0
NeedleReach,none,auto_execute,43004,0,0.0,-0.0,1.0,0.0,auto_execute,0
NeedlePick,depth_scale_error,auto_execute,43000,0,0.0,-0.0,1.0,0.0,auto_execute,0
NeedlePick,depth_scale_error,auto_execute,43002,0,0.028409154757152524,-0.0,1.0,0.0,auto_execute,0
NeedlePick,depth_scale_error,auto_execute,43004,0,0.0,-0.0,1.0,0.0,auto_execute,0
NeedlePick,depth_scale_error,human_review,43000,0,0.0,-0.0,1.0,1.0,human_review,0
NeedlePick,depth_scale_error,human_review,43002,0,0.10506311341568465,-0.0,1.0,1.0,human_review,0
NeedlePick,depth_scale_error,human_review,43004,0,0.0,-0.0,1.0,1.0,human_review,0
NeedlePick,depth_scale_error,human_review,43000,0,0.0,-0.0,1.0,1.0,human_review,0
NeedlePick,depth_scale_error,human_review,43002,0,0.10506311341568465,-0.0,1.0,1.0,human_review,0
NeedlePick,depth_scale_error,human_review,43004,0,0.0,-0.0,1.0,1.0,human_review,0
NeedlePick,near_target_drift,auto_execute,43000,0,0.0,-0.0,1.0,0.0,auto_execute,0
NeedlePick,near_target_drift,auto_execute,43002,0,0.028409154757152524,-0.0,1.0,0.0,auto_execute,0
NeedlePick,near_target_drift,auto_execute,43004,0,0.0,-0.0,1.0,0.0,auto_execute,0
NeedlePick,near_target_drift,auto_recovery,43000,0,0.0,-0.0,1.0,1.0,auto_recovery,0
NeedlePick,near_target_drift,auto_recovery,43002,0,0.03782396092090957,-0.0,1.0,1.0,auto_recovery,0
NeedlePick,near_target_drift,auto_recovery,43004,0,0.0,-0.0,1.0,1.0,auto_recovery,0
NeedlePick,near_target_drift,auto_recovery,43000,0,0.0,-0.0,1.0,1.0,auto_recovery,0
NeedlePick,near_target_drift,auto_recovery,43002,0,0.004945796936904669,-0.0,1.0,1.0,auto_recovery,0
NeedlePick,near_target_drift,auto_recovery,43004,0,0.0,-0.0,1.0,1.0,auto_recovery,0
NeedlePick,none,auto_execute,43000,0,0.0,-0.0,1.0,0.0,auto_execute,0
NeedlePick,none,auto_execute,43002,0,0.028409154757152524,-0.0,1.0,0.0,auto_execute,0
NeedlePick,none,auto_execute,43004,0,0.0,-0.0,1.0,0.0,auto_execute,0
NeedlePick,none,auto_execute,43000,0,0.0,-0.0,1.0,0.0,auto_execute,0
NeedlePick,none,auto_execute,43002,0,0.02840916456110367,-0.0,1.0,0.0,auto_execute,0
NeedlePick,none,auto_execute,43004,0,0.0,-0.0,1.0,0.0,auto_execute,0
NeedlePick,perception_bias,auto_execute,43000,0,0.0,-0.0,1.0,0.0,auto_execute,0
NeedlePick,perception_bias,auto_execute,43002,0,0.028409154757152524,-0.0,1.0,0.0,auto_execute,0
NeedlePick,perception_bias,auto_execute,43004,0,0.0,-0.0,1.0,0.0,auto_execute,0
NeedlePick,perception_bias,human_review,43000,0,0.0,-0.0,1.0,1.0,human_review,0
NeedlePick,perception_bias,human_review,43002,0,0.02974140537605692,-0.0,1.0,1.0,human_review,0
NeedlePick,perception_bias,human_review,43004,0,0.0,-0.0,1.0,1.0,human_review,0
NeedlePick,perception_bias,human_review,43000,0,0.0,-0.0,1.0,1.0,human_review,0
NeedlePick,perception_bias,human_review,43002,0,0.02974140537605692,-0.0,1.0,1.0,human_review,0
NeedlePick,perception_bias,human_review,43004,0,0.0,-0.0,1.0,1.0,human_review,0
GauzeRetrieve,depth_scale_error,auto_execute,43000,0,0.0,-0.0,1.0,0.0,auto_execute,0
GauzeRetrieve,depth_scale_error,auto_execute,43002,0,0.0007336856106252583,-0.0,1.0,0.0,auto_execute,0
GauzeRetrieve,depth_scale_error,auto_execute,43004,0,0.0,-0.0,1.0,0.0,auto_execute,0
GauzeRetrieve,depth_scale_error,human_review,43000,0,0.0,-0.0,1.0,1.0,human_review,0
GauzeRetrieve,depth_scale_error,human_review,43002,0,0.02386594009955688,-0.0,1.0,1.0,human_review,0
GauzeRetrieve,depth_scale_error,human_review,43004,0,0.0,-0.0,1.0,1.0,human_review,0
GauzeRetrieve,depth_scale_error,human_review,43000,0,0.0,-0.0,1.0,1.0,human_review,0
GauzeRetrieve,depth_scale_error,human_review,43002,0,0.02386594009955688,-0.0,1.0,1.0,human_review,0
GauzeRetrieve,depth_scale_error,human_review,43004,0,0.0,-0.0,1.0,1.0,human_review,0
GauzeRetrieve,near_target_drift,auto_execute,43000,0,0.0,-0.0,1.0,0.0,auto_execute,0
GauzeRetrieve,near_target_drift,auto_execute,43002,0,0.0007336856106252583,-0.0,1.0,0.0,auto_execute,0
GauzeRetrieve,near_target_drift,auto_execute,43004,0,0.0,-0.0,1.0,0.0,auto_execute,0
GauzeRetrieve,near_target_drift,auto_recovery,43000,0,0.0,-0.0,1.0,1.0,auto_recovery,0
GauzeRetrieve,near_target_drift,auto_recovery,43002,0,0.01040435471944827,-0.0,1.0,1.0,auto_recovery,0
GauzeRetrieve,near_target_drift,auto_recovery,43004,0,0.0,-0.0,1.0,1.0,auto_recovery,0
GauzeRetrieve,near_target_drift,auto_recovery,43000,0,0.0,-0.0,1.0,1.0,auto_recovery,0
GauzeRetrieve,near_target_drift,auto_recovery,43002,0,0.014213547250153235,-0.0,1.0,1.0,auto_recovery,0
GauzeRetrieve,near_target_drift,auto_recovery,43004,0,0.0,-0.0,1.0,1.0,auto_recovery,0
GauzeRetrieve,none,auto_execute,43000,0,0.0,-0.0,1.0,0.0,auto_execute,0
GauzeRetrieve,none,auto_execute,43002,0,0.0007336856106252583,-0.0,1.0,0.0,auto_execute,0
GauzeRetrieve,none,auto_execute,43004,0,0.0,-0.0,1.0,0.0,auto_execute,0
GauzeRetrieve,none,auto_execute,43000,0,0.0,-0.0,1.0,0.0,auto_execute,0
GauzeRetrieve,none,auto_execute,43002,0,0.0015442248083281306,-0.0,1.0,0.0,auto_execute,0
GauzeRetrieve,none,auto_execute,43004,0,0.0,-0.0,1.0,0.0,auto_execute,0
GauzeRetrieve,perception_bias,auto_execute,43000,0,0.0,-0.0,1.0,0.0,auto_execute,0
GauzeRetrieve,perception_bias,auto_execute,43002,0,0.0007336856106252583,-0.0,1.0,0.0,auto_execute,0
GauzeRetrieve,perception_bias,auto_execute,43004,0,0.0,-0.0,1.0,0.0,auto_execute,0
GauzeRetrieve,perception_bias,human_review,43000,0,0.0,-0.0,1.0,1.0,human_review,0
GauzeRetrieve,perception_bias,human_review,43002,0,0.04031805222413361,-0.0,1.0,1.0,human_review,0
GauzeRetrieve,perception_bias,human_review,43004,0,0.0,-0.0,1.0,1.0,human_review,0
GauzeRetrieve,perception_bias,human_review,43000,0,0.0,-0.0,1.0,1.0,human_review,0
GauzeRetrieve,perception_bias,human_review,43002,0,0.04031805222413361,-0.0,1.0,1.0,human_review,0
GauzeRetrieve,perception_bias,human_review,43004,0,0.0,-0.0,1.0,1.0,human_review,0
NeedlePick,none,auto_execute,43000,0,0.0,0.49261406801712576,0.5714285714285714,0.42857142857142855,auto_execute,0
NeedlePick,none,auto_execute,43002,0,1.1181722085231336,0.49261406801712576,0.5714285714285714,0.42857142857142855,auto_execute,0
NeedlePick,none,auto_execute,43004,0,0.0,0.49261406801712576,0.5714285714285714,0.42857142857142855,auto_execute,0
NeedlePick,none,auto_execute,43000,0,0.0,0.49261406801712576,0.5714285714285714,0.42857142857142855,auto_execute,0
NeedlePick,none,auto_execute,43002,0,1.1181794695213332,0.49261406801712576,0.5714285714285714,0.42857142857142855,auto_execute,0
NeedlePick,none,auto_execute,43004,0,0.0,0.49261406801712576,0.5714285714285714,0.42857142857142855,auto_execute,0
NeedlePick,near_target_drift,auto_recovery,43000,0,0.0,0.49261406801712576,0.42857142857142855,0.42857142857142855,auto_execute,1
NeedlePick,near_target_drift,auto_recovery,43002,0,1.1181722085231336,0.49261406801712576,0.42857142857142855,0.42857142857142855,auto_execute,1
NeedlePick,near_target_drift,auto_recovery,43004,0,0.0,0.49261406801712576,0.42857142857142855,0.42857142857142855,auto_execute,1
NeedlePick,near_target_drift,auto_recovery,43000,0,0.0,0.43156028428331555,0.7142857142857143,0.7142857142857143,auto_recovery,0
NeedlePick,near_target_drift,auto_recovery,43002,0,1.3957621029974596,0.43156028428331555,0.7142857142857143,0.7142857142857143,auto_recovery,0
NeedlePick,near_target_drift,auto_recovery,43004,0,0.0,0.43156028428331555,0.7142857142857143,0.7142857142857143,auto_recovery,0
NeedlePick,near_target_drift,auto_recovery,43000,0,0.0,0.49261406801712576,0.5714285714285714,0.5714285714285714,auto_recovery,0
NeedlePick,near_target_drift,auto_recovery,43002,0,1.142954257321019,0.49261406801712576,0.5714285714285714,0.5714285714285714,auto_recovery,0
NeedlePick,near_target_drift,auto_recovery,43004,0,0.0,0.49261406801712576,0.5714285714285714,0.5714285714285714,auto_recovery,0
NeedlePick,action_dropout,auto_execute,43001,0,0.0,-0.0,1.0,0.0,auto_execute,0
NeedlePick,action_dropout,auto_execute,43003,0,0.05280202245478524,-0.0,1.0,0.0,auto_execute,0
NeedlePick,action_dropout,auto_recovery,43001,0,0.0,-0.0,1.0,1.0,auto_recovery,0
NeedlePick,action_dropout,auto_recovery,43003,0,0.10207064479854333,-0.0,1.0,1.0,auto_recovery,0
NeedlePick,action_dropout,auto_recovery,43001,0,0.0,-0.0,1.0,1.0,auto_recovery,0
NeedlePick,action_dropout,auto_recovery,43003,0,0.022046960795478313,-0.0,1.0,1.0,auto_recovery,0
NeedlePick,action_noise,auto_execute,43001,0,0.0,-0.0,1.0,0.0,auto_execute,0
NeedlePick,action_noise,auto_execute,43003,0,0.05280202245478524,-0.0,1.0,0.0,auto_execute,0
NeedlePick,action_noise,auto_recovery,43001,0,0.0,-0.0,1.0,1.0,auto_recovery,0
NeedlePick,action_noise,auto_recovery,43003,0,0.042249059385951436,-0.0,1.0,1.0,auto_recovery,0
NeedlePick,action_noise,auto_recovery,43001,0,0.0,-0.0,1.0,1.0,auto_recovery,0
NeedlePick,action_noise,auto_recovery,43003,0,0.07267452585282666,-0.0,1.0,1.0,auto_recovery,0
NeedlePick,execution_slip,auto_execute,43001,0,0.0,-0.0,1.0,0.0,auto_execute,0
NeedlePick,execution_slip,auto_execute,43003,0,0.05280202245478524,-0.0,1.0,0.0,auto_execute,0
NeedlePick,execution_slip,auto_recovery,43001,0,0.0,-0.0,1.0,1.0,auto_recovery,0
NeedlePick,execution_slip,auto_recovery,43003,0,0.04438039745412927,-0.0,1.0,1.0,auto_recovery,0
NeedlePick,execution_slip,auto_recovery,43001,0,0.0,-0.0,1.0,1.0,auto_recovery,0
NeedlePick,execution_slip,auto_recovery,43003,0,0.026874947695402104,-0.0,1.0,1.0,auto_recovery,0
NeedlePick,none,auto_execute,43001,0,0.0,-0.0,1.0,0.0,auto_execute,0
NeedlePick,none,auto_execute,43003,0,0.05280202245478524,-0.0,1.0,0.0,auto_execute,0
NeedlePick,none,auto_execute,43001,0,0.0,-0.0,1.0,0.0,auto_execute,0
NeedlePick,none,auto_execute,43003,0,0.06406994662253847,-0.0,1.0,0.0,auto_execute,0
GauzeRetrieve,action_dropout,auto_execute,43001,0,0.0,-0.0,1.0,0.0,auto_execute,0
GauzeRetrieve,action_dropout,auto_execute,43003,0,0.011424921988605861,-0.0,1.0,0.0,auto_execute,0
GauzeRetrieve,action_dropout,auto_recovery,43001,0,0.0,-0.0,1.0,1.0,auto_recovery,0
GauzeRetrieve,action_dropout,auto_recovery,43003,0,0.030629255530012986,-0.0,1.0,1.0,auto_recovery,0
GauzeRetrieve,action_dropout,auto_recovery,43001,0,0.0,-0.0,1.0,1.0,auto_recovery,0
GauzeRetrieve,action_dropout,auto_recovery,43003,0,0.005184689459298452,-0.0,1.0,1.0,auto_recovery,0
GauzeRetrieve,action_noise,auto_execute,43001,0,0.0,-0.0,1.0,0.0,auto_execute,0
GauzeRetrieve,action_noise,auto_execute,43003,0,0.011424921988605861,-0.0,1.0,0.0,auto_execute,0
GauzeRetrieve,action_noise,auto_recovery,43001,0,0.0,-0.0,1.0,1.0,auto_recovery,0
GauzeRetrieve,action_noise,auto_recovery,43003,0,0.04572424281055325,-0.0,1.0,1.0,auto_recovery,0
GauzeRetrieve,action_noise,auto_recovery,43001,0,0.0,-0.0,1.0,1.0,auto_recovery,0
GauzeRetrieve,action_noise,auto_recovery,43003,0,0.06729593358406859,-0.0,1.0,1.0,auto_recovery,0
GauzeRetrieve,execution_slip,auto_execute,43001,0,0.0,-0.0,1.0,0.0,auto_execute,0
GauzeRetrieve,execution_slip,auto_execute,43003,0,0.011424921988605861,-0.0,1.0,0.0,auto_execute,0
GauzeRetrieve,execution_slip,auto_recovery,43001,0,0.0,-0.0,1.0,1.0,auto_recovery,0
GauzeRetrieve,execution_slip,auto_recovery,43003,0,0.0511457327657607,-0.0,1.0,1.0,auto_recovery,0
GauzeRetrieve,execution_slip,auto_recovery,43001,0,0.0,-0.0,1.0,1.0,auto_recovery,0
GauzeRetrieve,execution_slip,auto_recovery,43003,0,0.07384422975632039,-0.0,1.0,1.0,auto_recovery,0
GauzeRetrieve,none,auto_execute,43001,0,0.0,-0.0,1.0,0.0,auto_execute,0
GauzeRetrieve,none,auto_execute,43003,0,0.011424921988605861,-0.0,1.0,0.0,auto_execute,0
GauzeRetrieve,none,auto_execute,43001,0,0.0,-0.0,1.0,0.0,auto_execute,0
GauzeRetrieve,none,auto_execute,43003,0,0.010580797571830907,-0.0,1.0,0.0,auto_execute,0
NeedlePick,jaw_stuck_open,auto_execute,43001,0,0.0,-0.0,1.0,0.0,auto_execute,0
NeedlePick,jaw_stuck_open,auto_execute,43003,0,0.05280202245478524,-0.0,1.0,0.0,auto_execute,0
NeedlePick,jaw_stuck_open,auto_execute,43005,0,0.0,-0.0,1.0,0.0,auto_execute,0
NeedlePick,jaw_stuck_open,auto_execute,43007,0,0.02189408728529148,-0.0,1.0,0.0,auto_execute,0
NeedlePick,jaw_stuck_open,auto_execute,43009,0,0.0,-0.0,1.0,0.0,auto_execute,0
NeedlePick,jaw_stuck_open,human_review,43001,0,0.0,-0.0,1.0,1.0,human_review,0
NeedlePick,jaw_stuck_open,human_review,43003,0,0.02069922172820358,-0.0,1.0,1.0,human_review,0
NeedlePick,jaw_stuck_open,human_review,43005,0,0.0,-0.0,1.0,1.0,human_review,0
NeedlePick,jaw_stuck_open,human_review,43007,0,0.014701772008841379,-0.0,1.0,1.0,human_review,0
NeedlePick,jaw_stuck_open,human_review,43009,0,0.0,-0.0,1.0,1.0,human_review,0
NeedlePick,jaw_stuck_open,human_review,43001,0,0.0,-0.0,1.0,1.0,human_review,0
NeedlePick,jaw_stuck_open,human_review,43003,0,0.10715235124586972,-0.0,1.0,1.0,human_review,0
NeedlePick,jaw_stuck_open,human_review,43005,0,0.0,-0.0,1.0,1.0,human_review,0
NeedlePick,jaw_stuck_open,human_review,43007,0,0.16234305547982558,-0.0,1.0,1.0,human_review,0
NeedlePick,jaw_stuck_open,human_review,43009,0,0.0,-0.0,1.0,1.0,human_review,0
NeedlePick,none,auto_execute,43001,0,0.0,-0.0,1.0,0.0,auto_execute,0
NeedlePick,none,auto_execute,43003,0,0.05280202245478524,-0.0,1.0,0.0,auto_execute,0
NeedlePick,none,auto_execute,43005,0,0.0,-0.0,1.0,0.0,auto_execute,0
NeedlePick,none,auto_execute,43007,0,0.02189408728529148,-0.0,1.0,0.0,auto_execute,0
NeedlePick,none,auto_execute,43009,0,0.0,-0.0,1.0,0.0,auto_execute,0
NeedlePick,none,auto_execute,43001,0,0.0,-0.0,1.0,0.0,auto_execute,0
NeedlePick,none,auto_execute,43003,0,0.06406994662253847,-0.0,1.0,0.0,auto_execute,0
NeedlePick,none,auto_execute,43005,0,0.0,-0.0,1.0,0.0,auto_execute,0
NeedlePick,none,auto_execute,43007,0,0.024040101861800035,-0.0,1.0,0.0,auto_execute,0
NeedlePick,none,auto_execute,43009,0,0.0,-0.0,1.0,0.0,auto_execute,0
GauzeRetrieve,jaw_stuck_open,auto_execute,43001,0,0.0,-0.0,1.0,0.0,auto_execute,0
GauzeRetrieve,jaw_stuck_open,auto_execute,43003,0,0.008104055495188889,-0.0,1.0,0.0,auto_execute,0
GauzeRetrieve,jaw_stuck_open,auto_execute,43005,0,0.0,-0.0,1.0,0.0,auto_execute,0
GauzeRetrieve,jaw_stuck_open,auto_execute,43007,0,0.016698591413452396,-0.0,1.0,0.0,auto_execute,0
GauzeRetrieve,jaw_stuck_open,auto_execute,43009,0,0.0,-0.0,1.0,0.0,auto_execute,0
GauzeRetrieve,jaw_stuck_open,human_review,43001,0,0.0,-0.0,1.0,1.0,human_review,0
GauzeRetrieve,jaw_stuck_open,human_review,43003,0,8.66780301010104e-05,-0.0,1.0,1.0,human_review,0
GauzeRetrieve,jaw_stuck_open,human_review,43005,0,0.0,-0.0,1.0,1.0,human_review,0
GauzeRetrieve,jaw_stuck_open,human_review,43007,0,0.009907602914136301,-0.0,1.0,1.0,human_review,0
GauzeRetrieve,jaw_stuck_open,human_review,43009,0,0.0,-0.0,1.0,1.0,human_review,0
GauzeRetrieve,jaw_stuck_open,human_review,43001,0,0.0,-0.0,1.0,1.0,human_review,0
GauzeRetrieve,jaw_stuck_open,human_review,43003,0,0.01563172034833786,-0.0,1.0,1.0,human_review,0
GauzeRetrieve,jaw_stuck_open,human_review,43005,0,0.0,-0.0,1.0,1.0,human_review,0
GauzeRetrieve,jaw_stuck_open,human_review,43007,0,0.0030191424920455357,-0.0,1.0,1.0,human_review,0
GauzeRetrieve,jaw_stuck_open,human_review,43009,0,0.0,-0.0,1.0,1.0,human_review,0
GauzeRetrieve,none,auto_execute,43001,0,0.0,-0.0,1.0,0.0,auto_execute,0
GauzeRetrieve,none,auto_execute,43003,0,0.008104055495188889,-0.0,1.0,0.0,auto_execute,0
GauzeRetrieve,none,auto_execute,43005,0,0.0,-0.0,1.0,0.0,auto_execute,0
GauzeRetrieve,none,auto_execute,43007,0,0.016698591413452396,-0.0,1.0,0.0,auto_execute,0
GauzeRetrieve,none,auto_execute,43009,0,0.0,-0.0,1.0,0.0,auto_execute,0
GauzeRetrieve,none,auto_execute,43001,0,0.0,-0.0,1.0,0.0,auto_execute,0
GauzeRetrieve,none,auto_execute,43003,0,0.009509906567583612,-0.0,1.0,0.0,auto_execute,0
GauzeRetrieve,none,auto_execute,43005,0,0.0,-0.0,1.0,0.0,auto_execute,0
GauzeRetrieve,none,auto_execute,43007,0,0.028862419725768293,-0.0,1.0,0.0,auto_execute,0
GauzeRetrieve,none,auto_execute,43009,0,0.0,-0.0,1.0,0.0,auto_execute,0
NeedleReach,action_freeze,auto_execute,43001,0,0.0,-0.0,1.0,0.0,auto_execute,0
NeedleReach,action_freeze,auto_execute,43003,0,0.09763064251946964,-0.0,1.0,0.0,auto_execute,0
NeedleReach,action_freeze,auto_recovery,43001,0,0.0,-0.0,1.0,1.0,auto_recovery,0
NeedleReach,action_freeze,auto_recovery,43003,0,0.09763044107483158,-0.0,1.0,1.0,auto_recovery,0
NeedleReach,action_freeze,auto_recovery,43001,0,0.0,-0.0,1.0,1.0,auto_recovery,0
NeedleReach,action_freeze,auto_recovery,43003,0,0.45167621117362966,-0.0,1.0,1.0,auto_recovery,0
NeedleReach,none,auto_execute,43001,0,0.0,-0.0,1.0,0.0,auto_execute,0
NeedleReach,none,auto_execute,43003,0,0.09763064251946964,-0.0,1.0,0.0,auto_execute,0
NeedleReach,none,auto_execute,43001,0,0.0,-0.0,1.0,0.0,auto_execute,0
NeedleReach,none,auto_execute,43003,0,0.09763059476724419,-0.0,1.0,0.0,auto_execute,0
NeedlePick,depth_scale_error,auto_execute,43001,0,0.0,-0.0,1.0,0.0,auto_execute,0
NeedlePick,depth_scale_error,auto_execute,43003,0,0.05280202245478524,-0.0,1.0,0.0,auto_execute,0
NeedlePick,depth_scale_error,human_review,43001,0,0.0,-0.0,1.0,1.0,human_review,0
NeedlePick,depth_scale_error,human_review,43003,0,0.08510148166832106,-0.0,1.0,1.0,human_review,0
NeedlePick,depth_scale_error,human_review,43001,0,0.0,-0.0,1.0,1.0,human_review,0
NeedlePick,depth_scale_error,human_review,43003,0,0.08510148166832106,-0.0,1.0,1.0,human_review,0
NeedlePick,near_target_drift,auto_execute,43001,0,0.0,-0.0,1.0,0.0,auto_execute,0
NeedlePick,near_target_drift,auto_execute,43003,0,0.05280202245478524,-0.0,1.0,0.0,auto_execute,0
NeedlePick,near_target_drift,auto_recovery,43001,0,0.0,-0.0,1.0,1.0,auto_recovery,0
NeedlePick,near_target_drift,auto_recovery,43003,0,0.08721609862875936,-0.0,1.0,1.0,auto_recovery,0
NeedlePick,near_target_drift,auto_recovery,43001,0,0.0,-0.0,1.0,1.0,auto_recovery,0
NeedlePick,near_target_drift,auto_recovery,43003,0,0.01810023839272638,-0.0,1.0,1.0,auto_recovery,0
NeedlePick,none,auto_execute,43001,0,0.0,-0.0,1.0,0.0,auto_execute,0
NeedlePick,none,auto_execute,43003,0,0.05280202245478524,-0.0,1.0,0.0,auto_execute,0
NeedlePick,none,auto_execute,43001,0,0.0,-0.0,1.0,0.0,auto_execute,0
NeedlePick,none,auto_execute,43003,0,0.052801150664024035,-0.0,1.0,0.0,auto_execute,0
NeedlePick,perception_bias,auto_execute,43001,0,0.0,-0.0,1.0,0.0,auto_execute,0
NeedlePick,perception_bias,auto_execute,43003,0,0.05280202245478524,-0.0,1.0,0.0,auto_execute,0
NeedlePick,perception_bias,human_review,43001,0,0.0,-0.0,1.0,1.0,human_review,0
NeedlePick,perception_bias,human_review,43003,0,0.013672130311661656,-0.0,1.0,1.0,human_review,0
NeedlePick,perception_bias,human_review,43001,0,0.0,-0.0,1.0,1.0,human_review,0
NeedlePick,perception_bias,human_review,43003,0,0.013672130311661656,-0.0,1.0,1.0,human_review,0
GauzeRetrieve,depth_scale_error,auto_execute,43001,0,0.0,-0.0,1.0,0.0,auto_execute,0
GauzeRetrieve,depth_scale_error,auto_execute,43003,0,0.008104055495188889,-0.0,1.0,0.0,auto_execute,0
GauzeRetrieve,depth_scale_error,human_review,43001,0,0.0,-0.0,1.0,1.0,human_review,0
GauzeRetrieve,depth_scale_error,human_review,43003,0,0.014259507277778296,-0.0,1.0,1.0,human_review,0
GauzeRetrieve,depth_scale_error,human_review,43001,0,0.0,-0.0,1.0,1.0,human_review,0
GauzeRetrieve,depth_scale_error,human_review,43003,0,0.014259507277778296,-0.0,1.0,1.0,human_review,0
GauzeRetrieve,near_target_drift,auto_execute,43001,0,0.0,-0.0,1.0,0.0,auto_execute,0
GauzeRetrieve,near_target_drift,auto_execute,43003,0,0.008104055495188889,-0.0,1.0,0.0,auto_execute,0
GauzeRetrieve,near_target_drift,auto_recovery,43001,0,0.0,-0.0,1.0,1.0,auto_recovery,0
GauzeRetrieve,near_target_drift,auto_recovery,43003,0,0.0016333202297723294,-0.0,1.0,1.0,auto_recovery,0
GauzeRetrieve,near_target_drift,auto_recovery,43001,0,0.0,-0.0,1.0,1.0,auto_recovery,0
GauzeRetrieve,near_target_drift,auto_recovery,43003,0,0.0003021378341373294,-0.0,1.0,1.0,auto_recovery,0
GauzeRetrieve,none,auto_execute,43001,0,0.0,-0.0,1.0,0.0,auto_execute,0
GauzeRetrieve,none,auto_execute,43003,0,0.008104055495188889,-0.0,1.0,0.0,auto_execute,0
GauzeRetrieve,none,auto_execute,43001,0,0.0,-0.0,1.0,0.0,auto_execute,0
GauzeRetrieve,none,auto_execute,43003,0,0.01162603503027807,-0.0,1.0,0.0,auto_execute,0
GauzeRetrieve,perception_bias,auto_execute,43001,0,0.0,-0.0,1.0,0.0,auto_execute,0
GauzeRetrieve,perception_bias,auto_execute,43003,0,0.008104055495188889,-0.0,1.0,0.0,auto_execute,0
GauzeRetrieve,perception_bias,human_review,43001,0,0.0,-0.0,1.0,1.0,human_review,0
GauzeRetrieve,perception_bias,human_review,43003,0,0.007350334200715006,-0.0,1.0,1.0,human_review,0
GauzeRetrieve,perception_bias,human_review,43001,0,0.0,-0.0,1.0,1.0,human_review,0
GauzeRetrieve,perception_bias,human_review,43003,0,0.007350334200715006,-0.0,1.0,1.0,human_review,0
NeedlePick,none,auto_execute,43001,0,0.0,0.49261406801712576,0.5714285714285714,0.42857142857142855,auto_execute,0
NeedlePick,none,auto_execute,43003,0,0.8727441728963122,0.49261406801712576,0.5714285714285714,0.42857142857142855,auto_execute,0
NeedlePick,none,auto_execute,43001,0,0.0,0.49261406801712576,0.5714285714285714,0.42857142857142855,auto_execute,0
NeedlePick,none,auto_execute,43003,0,0.8727325279895374,0.49261406801712576,0.5714285714285714,0.42857142857142855,auto_execute,0
NeedlePick,near_target_drift,auto_recovery,43001,0,0.0,0.49261406801712576,0.42857142857142855,0.42857142857142855,auto_execute,1
NeedlePick,near_target_drift,auto_recovery,43003,0,0.8727441728963122,0.49261406801712576,0.42857142857142855,0.42857142857142855,auto_execute,1
NeedlePick,near_target_drift,auto_recovery,43001,0,0.0,0.43156028428331555,0.7142857142857143,0.7142857142857143,auto_recovery,0
NeedlePick,near_target_drift,auto_recovery,43003,0,2.3666965628534746,0.43156028428331555,0.7142857142857143,0.7142857142857143,auto_recovery,0
NeedlePick,near_target_drift,abort_candidate,43001,0,0.0,0.7244078178625923,0.14285714285714285,0.42857142857142855,auto_execute,1
NeedlePick,near_target_drift,abort_candidate,43003,0,2.226749494478978,0.7244078178625923,0.14285714285714285,0.42857142857142855,auto_execute,1
