suite,task,failure,controller,seed,route,family,pred_family,family_distance,pred_route,route_distance,success,final_distance,steps,max_triage_risk,monitor_triggers,recovery_phase_replans,recovery_override_rate,unsafe_warning_events,min_danger_distance,unsafe_abort,source,episode,learned_review_score,family_distance_norm,route_distance_norm,danger_closeness,abort_evidence,review_evidence,recovery_evidence,risk_level,risk_reason
standard_corruptions,NeedlePick,action_dropout,clean,43001,auto_execute,nominal,nominal,0.6067071861399606,auto_execute,0.6213942156836811,1.0,0.0220062874458691,36,2.25,0.0,0.0,0.0,0.0,1.0,0.0,triage_routes,0.0,0.0080444970523182,0.04738632416681105,0.07034145958798727,0.0,0.0,0.03517072979399363,0.0,auto_execute,nominal_or_low_risk_execution
standard_corruptions,NeedlePick,action_dropout,clean,43003,auto_execute,nominal,nominal,0.6065643820793937,auto_execute,0.6213911227042571,1.0,0.0178893382398011,41,2.25,0.0,0.0,0.0,0.0,1.0,0.0,triage_routes,0.0,0.0082850661669742,0.04736884836417303,0.07034106671270157,0.0,0.0,0.035170533356350786,0.0,auto_execute,nominal_or_low_risk_execution
standard_corruptions,NeedlePick,action_dropout,monitor_corrected,43001,auto_recovery,execution_drift,execution_drift,4.38385260613196,auto_recovery,4.38385260613196,1.0,0.0201008439596367,79,2.875,3.0,1.0,0.9367088607594936,0.0,1.0,0.0,triage_routes,0.0,0.0108184687661848,0.50961861387116,0.5482550543439768,0.0,0.0,0.305771168322696,1.0,auto_recovery,recoverable_execution_drift_or_monitor_trigger
standard_corruptions,NeedlePick,action_dropout,monitor_corrected,43003,auto_recovery,execution_drift,execution_drift,4.339444270050698,auto_recovery,4.339444270050698,1.0,0.0226079866191656,83,2.78125,3.0,1.0,0.9036144578313252,0.0,1.0,0.0,triage_routes,0.0,0.011217603491065,0.5041840953164454,0.5426142351424654,0.0,0.0,0.3025104571898672,1.0,auto_recovery,recoverable_execution_drift_or_monitor_trigger
standard_corruptions,NeedlePick,action_dropout,perturbed,43001,auto_recovery,execution_drift,execution_drift,3.118954159615418,auto_recovery,3.118954159615418,0.0,0.165306290854355,200,3.25,0.0,0.0,0.0,0.0,1.0,0.0,triage_routes,0.0,0.0329928366563028,0.35482528712176176,0.38758559282630073,0.0,0.0,0.21289517227305704,1.0,auto_recovery,recoverable_execution_drift_or_monitor_trigger
standard_corruptions,NeedlePick,action_dropout,perturbed,43003,auto_recovery,execution_drift,execution_drift,3.1807497887971774,auto_recovery,3.1807497887971774,0.0,0.1892706171759712,200,3.25,0.0,0.0,0.0,0.0,1.0,0.0,triage_routes,0.0,0.0359417091917431,0.3623875946302892,0.395434974325758,0.0,0.0,0.2174325567781735,1.0,auto_recovery,recoverable_execution_drift_or_monitor_trigger
standard_corruptions,NeedlePick,action_noise,clean,43001,auto_execute,nominal,nominal,0.6067071861399606,auto_execute,0.6213942156836811,1.0,0.0220062874458691,36,2.25,0.0,0.0,0.0,0.0,1.0,0.0,triage_routes,0.0,0.0080444970523182,0.04738632416681105,0.07034145958798727,0.0,0.0,0.03517072979399363,0.0,auto_execute,nominal_or_low_risk_execution
standard_corruptions,NeedlePick,action_noise,clean,43003,auto_execute,nominal,nominal,0.6065643820793937,auto_execute,0.6213911227042571,1.0,0.0178893382398011,41,2.25,0.0,0.0,0.0,0.0,1.0,0.0,triage_routes,0.0,0.0082850661669742,0.04736884836417303,0.07034106671270157,0.0,0.0,0.035170533356350786,0.0,auto_execute,nominal_or_low_risk_execution
standard_corruptions,NeedlePick,action_noise,monitor_corrected,43001,auto_recovery,execution_drift,execution_drift,3.3176588995799974,auto_recovery,3.3176588995799974,1.0,0.0155060134014243,36,2.59375,2.0,0.0,0.9444444444444444,0.0,1.0,0.0,triage_routes,0.0,0.0019747222101692,0.3791419963601181,0.41282539263713974,0.0,0.0,0.22748519781607085,1.0,auto_recovery,recoverable_execution_drift_or_monitor_trigger
standard_corruptions,NeedlePick,action_noise,monitor_corrected,43003,auto_recovery,execution_drift,execution_drift,3.3409139436140607,auto_recovery,3.3409139436140607,1.0,0.0178918885036113,42,2.59375,2.0,0.0,0.9761904761904762,0.0,1.0,0.0,triage_routes,0.0,0.0021177902433568,0.38198785773313965,0.41577928621872534,0.0,0.0,0.22919271463988378,1.0,auto_recovery,recoverable_execution_drift_or_monitor_trigger
standard_corruptions,NeedlePick,action_noise,perturbed,43001,auto_recovery,execution_drift,execution_drift,3.1535716793335467,auto_recovery,3.1535716793335467,0.0,0.1795529447779188,200,3.25,0.0,0.0,0.0,0.0,1.0,0.0,triage_routes,0.0,0.0347165147878966,0.3590616438472674,0.39198276658163783,0.0,0.0,0.21543698630836045,1.0,auto_recovery,recoverable_execution_drift_or_monitor_trigger
standard_corruptions,NeedlePick,action_noise,perturbed,43003,auto_recovery,execution_drift,execution_drift,3.2157314155946413,auto_recovery,3.2157314155946413,0.0,0.2005255540394828,200,3.25,0.0,0.0,0.0,0.0,1.0,0.0,triage_routes,0.0,0.0374127619076444,0.366668509356683,0.39987839755553534,0.0,0.0,0.2200011056140098,1.0,auto_recovery,recoverable_execution_drift_or_monitor_trigger
standard_corruptions,NeedlePick,execution_slip,clean,43001,auto_execute,nominal,nominal,0.6067071861399606,auto_execute,0.6213942156836811,1.0,0.0220062874458691,36,2.25,0.0,0.0,0.0,0.0,1.0,0.0,triage_routes,0.0,0.0080444970523182,0.04738632416681105,0.07034145958798727,0.0,0.0,0.03517072979399363,0.0,auto_execute,nominal_or_low_risk_execution
standard_corruptions,NeedlePick,execution_slip,clean,43003,auto_execute,nominal,nominal,0.6065643820793937,auto_execute,0.6213911227042571,1.0,0.0178893382398011,41,2.25,0.0,0.0,0.0,0.0,1.0,0.0,triage_routes,0.0,0.0082850661669742,0.04736884836417303,0.07034106671270157,0.0,0.0,0.035170533356350786,0.0,auto_execute,nominal_or_low_risk_execution
standard_corruptions,NeedlePick,execution_slip,monitor_corrected,43001,auto_recovery,execution_drift,execution_drift,4.408537609097471,auto_recovery,4.408537609097471,1.0,0.0201006628207849,80,2.59375,3.0,1.0,0.9375,0.0,1.0,0.0,triage_routes,0.0,0.0108862876146503,0.512639468027771,0.5513905836388016,0.0,0.0,0.3075836808166626,1.0,auto_recovery,recoverable_execution_drift_or_monitor_trigger
standard_corruptions,NeedlePick,execution_slip,monitor_corrected,43003,auto_recovery,execution_drift,execution_drift,3.34163948402962,auto_recovery,3.34163948402962,1.0,0.0176015514674102,42,2.59375,2.0,0.0,0.9761904761904762,0.0,1.0,0.0,triage_routes,0.0,0.0021155213960507,0.382076646532687,0.4158714455443995,0.0,0.0,0.2292459879196122,1.0,auto_recovery,recoverable_execution_drift_or_monitor_trigger
standard_corruptions,NeedlePick,execution_slip,perturbed,43001,auto_recovery,execution_drift,execution_drift,3.1253719232277164,auto_recovery,3.1253719232277164,0.0,0.1681555969987981,200,3.25,0.0,0.0,0.0,0.0,1.0,0.0,triage_routes,0.0,0.0333308241363767,0.3556106679423128,0.3884007876165033,0.0,0.0,0.21336640076538765,1.0,auto_recovery,recoverable_execution_drift_or_monitor_trigger
standard_corruptions,NeedlePick,execution_slip,perturbed,43003,auto_recovery,execution_drift,execution_drift,3.2007130466499287,auto_recovery,3.2007130466499287,0.0,0.1958383551131128,200,3.25,0.0,0.0,0.0,0.0,1.0,0.0,triage_routes,0.0,0.0367932276557895,0.3648306200797184,0.3979707398634368,0.0,0.0,0.21889837204783102,1.0,auto_recovery,recoverable_execution_drift_or_monitor_trigger
standard_corruptions,NeedlePick,none,clean,43001,auto_execute,nominal,nominal,0.6067071861399606,auto_execute,0.6213942156836811,1.0,0.0220062874458691,36,2.25,0.0,0.0,0.0,0.0,1.0,0.0,triage_routes,0.0,0.0080444970523182,0.04738632416681105,0.07034145958798727,0.0,0.0,0.03517072979399363,0.0,auto_execute,nominal_or_low_risk_execution
standard_corruptions,NeedlePick,none,clean,43003,auto_execute,nominal,nominal,0.6065643820793937,auto_execute,0.6213911227042571,1.0,0.0178893382398011,41,2.25,0.0,0.0,0.0,0.0,1.0,0.0,triage_routes,0.0,0.0082850661669742,0.04736884836417303,0.07034106671270157,0.0,0.0,0.035170533356350786,0.0,auto_execute,nominal_or_low_risk_execution
standard_corruptions,NeedlePick,none,monitor_corrected,43001,auto_execute,nominal,nominal,2.369717688903429,auto_execute,2.373082290607406,1.0,0.0220062751549105,36,2.25,1.0,0.0,0.8611111111111112,0.0,1.0,0.0,triage_routes,0.0,0.0130199941529831,0.26313665698478866,0.2928437328100051,0.0,0.0,0.1578819941908732,0.55,auto_recovery,recoverable_execution_drift_or_monitor_trigger
standard_corruptions,NeedlePick,none,monitor_corrected,43003,auto_execute,nominal,nominal,2.163972032581815,auto_execute,2.1674190914136897,1.0,0.0178893429149685,41,2.25,1.0,0.0,0.7804878048780488,0.0,1.0,0.0,triage_routes,0.0,0.0131632265807366,0.2379583079292034,0.266720058170782,0.0,0.0,0.14277498475752204,0.55,auto_recovery,recoverable_execution_drift_or_monitor_trigger
standard_corruptions,GauzeRetrieve,action_dropout,clean,43001,auto_execute,nominal,nominal,0.6075450330700521,auto_execute,0.6227153523923223,1.0,0.0136650557877879,33,2.25,0.0,0.0,0.0,0.0,1.0,0.0,triage_routes,0.0,0.007595951910908,0.04748885659854327,0.07050927252518643,0.0,0.0,0.03525463626259322,0.0,auto_execute,nominal_or_low_risk_execution
standard_corruptions,GauzeRetrieve,action_dropout,clean,43003,auto_execute,nominal,nominal,0.6052615212932261,auto_execute,0.6204581235382879,1.0,0.0135693759879085,35,2.25,0.0,0.0,0.0,0.0,1.0,0.0,triage_routes,0.0,0.0077299522475067,0.047209409354711344,0.07022255563854732,0.0,0.0,0.03511127781927366,0.0,auto_execute,nominal_or_low_risk_execution
standard_corruptions,GauzeRetrieve,action_dropout,monitor_corrected,43001,auto_recovery,execution_drift,execution_drift,2.9171864184712915,auto_recovery,2.9171864184712915,1.0,0.0130924905687453,34,2.78125,1.0,0.0,0.8823529411764706,0.0,1.0,0.0,triage_routes,0.0,0.0014247716238034,0.3301337397738914,0.3619567256152279,0.0,0.0,0.19808024386433482,1.0,auto_recovery,recoverable_execution_drift_or_monitor_trigger
standard_corruptions,GauzeRetrieve,action_dropout,monitor_corrected,43003,auto_recovery,execution_drift,execution_drift,2.9323913462055176,auto_recovery,2.9323913462055176,1.0,0.0125843139348445,36,2.6875,1.0,0.0,0.8888888888888888,0.0,1.0,0.0,triage_routes,0.0,0.0014486653028246,0.3319944593861629,0.36388808030872216,0.0,0.0,0.19919667563169774,1.0,auto_recovery,recoverable_execution_drift_or_monitor_trigger
standard_corruptions,GauzeRetrieve,action_dropout,perturbed,43001,auto_recovery,execution_drift,execution_drift,3.3476425407108024,auto_recovery,3.3476425407108024,0.0,0.2356245488819259,200,3.25,0.0,0.0,0.0,0.0,1.0,0.0,triage_routes,0.0,0.0423807836465953,0.3828112771403097,0.41663396358454874,0.0,0.0,0.22968676628418583,1.0,auto_recovery,recoverable_execution_drift_or_monitor_trigger
standard_corruptions,GauzeRetrieve,action_dropout,perturbed,43003,auto_recovery,execution_drift,execution_drift,3.558531898987549,auto_recovery,3.558531898987549,0.0,0.2799389980978954,200,3.25,0.0,0.0,0.0,0.0,1.0,0.0,triage_routes,0.0,0.0495570967471694,0.40861909233180105,0.44342147346524025,0.0,0.0,0.2451714553990806,1.0,auto_recovery,recoverable_execution_drift_or_monitor_trigger
standard_corruptions,GauzeRetrieve,action_noise,clean,43001,auto_execute,nominal,nominal,0.6075450330700521,auto_execute,0.6227153523923223,1.0,0.0136650557877879,33,2.25,0.0,0.0,0.0,0.0,1.0,0.0,triage_routes,0.0,0.007595951910908,0.04748885659854327,0.07050927252518643,0.0,0.0,0.03525463626259322,0.0,auto_execute,nominal_or_low_risk_execution
standard_corruptions,GauzeRetrieve,action_noise,clean,43003,auto_execute,nominal,nominal,0.6052615212932261,auto_execute,0.6204581235382879,1.0,0.0135693759879085,35,2.25,0.0,0.0,0.0,0.0,1.0,0.0,triage_routes,0.0,0.0077299522475067,0.047209409354711344,0.07022255563854732,0.0,0.0,0.03511127781927366,0.0,auto_execute,nominal_or_low_risk_execution
standard_corruptions,GauzeRetrieve,action_noise,monitor_corrected,43001,auto_recovery,execution_drift,execution_drift,3.1026898431994048,auto_recovery,3.1026898431994048,1.0,0.022364754337126,33,2.5,1.0,0.0,0.9696969696969696,0.0,1.0,0.0,triage_routes,0.0,0.0014867453651996,0.35283492366430563,0.38551967285643235,0.0,0.0,0.21170095419858337,1.0,auto_recovery,recoverable_execution_drift_or_monitor_trigger
standard_corruptions,GauzeRetrieve,action_noise,monitor_corrected,43003,auto_recovery,execution_drift,execution_drift,3.3198182761673927,auto_recovery,3.3198182761673927,1.0,0.0217042032145086,36,2.5,2.0,0.0,0.9444444444444444,0.0,1.0,0.0,triage_routes,0.0,0.0020185205204459,0.37940625242477544,0.4130996801694441,0.0,0.0,0.22764375145486526,1.0,auto_recovery,recoverable_execution_drift_or_monitor_trigger
standard_corruptions,GauzeRetrieve,action_noise,perturbed,43001,auto_recovery,execution_drift,execution_drift,3.593345320225332,auto_recovery,3.593345320225332,0.0,0.2864712438646073,200,3.25,0.0,0.0,0.0,0.0,1.0,0.0,triage_routes,0.0,0.0507078961072004,0.4128794227194027,0.4478435309507772,0.0,0.0,0.24772765363164162,1.0,auto_recovery,recoverable_execution_drift_or_monitor_trigger
standard_corruptions,GauzeRetrieve,action_noise,perturbed,43003,auto_recovery,execution_drift,execution_drift,3.5239646456586846,auto_recovery,3.5239646456586846,0.0,0.2732778074239896,200,3.25,0.0,0.0,0.0,0.0,1.0,0.0,triage_routes,0.0,0.0484091009435112,0.40438888701049647,0.43903068462856415,0.0,0.0,0.24263333220629787,1.0,auto_recovery,recoverable_execution_drift_or_monitor_trigger
standard_corruptions,GauzeRetrieve,execution_slip,clean,43001,auto_execute,nominal,nominal,0.6075450330700521,auto_execute,0.6227153523923223,1.0,0.0136650557877879,33,2.25,0.0,0.0,0.0,0.0,1.0,0.0,triage_routes,0.0,0.007595951910908,0.04748885659854327,0.07050927252518643,0.0,0.0,0.03525463626259322,0.0,auto_execute,nominal_or_low_risk_execution
standard_corruptions,GauzeRetrieve,execution_slip,clean,43003,auto_execute,nominal,nominal,0.6052615212932261,auto_execute,0.6204581235382879,1.0,0.0135693759879085,35,2.25,0.0,0.0,0.0,0.0,1.0,0.0,triage_routes,0.0,0.0077299522475067,0.047209409354711344,0.07022255563854732,0.0,0.0,0.03511127781927366,0.0,auto_execute,nominal_or_low_risk_execution
standard_corruptions,GauzeRetrieve,execution_slip,monitor_corrected,43001,auto_recovery,execution_drift,execution_drift,3.00857784092366,auto_recovery,3.00857784092366,1.0,0.0158446683347267,35,2.5,1.0,0.0,0.9142857142857144,0.0,1.0,0.0,triage_routes,0.0,0.0014588836931605,0.3413178647577754,0.3735654129949894,0.0,0.0,0.20479071885466524,1.0,auto_recovery,recoverable_execution_drift_or_monitor_trigger
standard_corruptions,GauzeRetrieve,execution_slip,monitor_corrected,43003,auto_recovery,execution_drift,execution_drift,2.956528715024654,auto_recovery,2.956528715024654,1.0,0.0165846050571809,36,2.5,1.0,0.0,0.8888888888888888,0.0,1.0,0.0,triage_routes,0.0,0.0014674443332628,0.3349482962169226,0.36695404822203914,0.0,0.0,0.20096897773015357,1.0,auto_recovery,recoverable_execution_drift_or_monitor_trigger
standard_corruptions,GauzeRetrieve,execution_slip,perturbed,43001,auto_recovery,execution_drift,execution_drift,3.5597061267436865,auto_recovery,3.5597061267436865,0.0,0.2801621018244291,200,3.25,0.0,0.0,0.0,0.0,1.0,0.0,triage_routes,0.0,0.0495959898905318,0.40876278973394,0.4435706257879403,0.0,0.0,0.24525767384036398,1.0,auto_recovery,recoverable_execution_drift_or_monitor_trigger
standard_corruptions,GauzeRetrieve,execution_slip,perturbed,43003,auto_recovery,execution_drift,execution_drift,3.520541530705572,auto_recovery,3.520541530705572,0.0,0.2726079074574464,200,3.25,0.0,0.0,0.0,0.0,1.0,0.0,triage_routes,0.0,0.0482950565159015,0.40396997958524256,0.4385958749900953,0.0,0.0,0.24238198775114553,1.0,auto_recovery,recoverable_execution_drift_or_monitor_trigger
standard_corruptions,GauzeRetrieve,none,clean,43001,auto_execute,nominal,nominal,0.6075450330700521,auto_execute,0.6227153523923223,1.0,0.0136650557877879,33,2.25,0.0,0.0,0.0,0.0,1.0,0.0,triage_routes,0.0,0.007595951910908,0.04748885659854327,0.07050927252518643,0.0,0.0,0.03525463626259322,0.0,auto_execute,nominal_or_low_risk_execution
standard_corruptions,GauzeRetrieve,none,clean,43003,auto_execute,nominal,nominal,0.6052615212932261,auto_execute,0.6204581235382879,1.0,0.0135693759879085,35,2.25,0.0,0.0,0.0,0.0,1.0,0.0,triage_routes,0.0,0.0077299522475067,0.047209409354711344,0.07022255563854732,0.0,0.0,0.03511127781927366,0.0,auto_execute,nominal_or_low_risk_execution
standard_corruptions,GauzeRetrieve,none,monitor_corrected,43001,auto_execute,nominal,nominal,2.259792872734665,auto_execute,2.263313172691786,1.0,0.0140234758530562,33,2.25,1.0,0.0,0.8181818181818182,0.0,1.0,0.0,triage_routes,0.0,0.0121935640545305,0.24968448773441201,0.27890068061056333,0.0,0.0,0.1498106926406472,0.55,auto_recovery,recoverable_execution_drift_or_monitor_trigger
standard_corruptions,GauzeRetrieve,none,monitor_corrected,43003,auto_execute,nominal,nominal,2.285762639272793,auto_execute,2.2892742891753444,1.0,0.0135457931464293,35,2.25,1.0,0.0,0.8285714285714286,0.0,1.0,0.0,triage_routes,0.0,0.0124197516492229,0.2528625662342416,0.28219830392356376,0.0,0.0,0.15171753974054494,0.55,auto_recovery,recoverable_execution_drift_or_monitor_trigger
observable_jaw_stuck_10seed,NeedlePick,jaw_stuck_open,clean,43001,auto_execute,nominal,nominal,0.6067071861399606,auto_execute,0.6213942156836811,1.0,0.0220062874458691,36,2.25,0.0,0.0,0.0,0.0,1.0,0.0,triage_routes,0.0,0.0080444970523182,0.04738632416681105,0.07034145958798727,0.0,0.0,0.03517072979399363,0.0,auto_execute,nominal_or_low_risk_execution
observable_jaw_stuck_10seed,NeedlePick,jaw_stuck_open,clean,43003,auto_execute,nominal,nominal,0.6065643820793937,auto_execute,0.6213911227042571,1.0,0.0178893382398011,41,2.25,0.0,0.0,0.0,0.0,1.0,0.0,triage_routes,0.0,0.0082850661669742,0.04736884836417303,0.07034106671270157,0.0,0.0,0.035170533356350786,0.0,auto_execute,nominal_or_low_risk_execution
observable_jaw_stuck_10seed,NeedlePick,jaw_stuck_open,clean,43005,auto_execute,nominal,nominal,0.6177439075138225,auto_execute,0.6323002342048928,1.0,0.0164449452188574,46,2.25,0.0,0.0,0.0,0.0,1.0,0.0,triage_routes,0.0,0.0086168257599337,0.04873695498035276,0.07172675982922838,0.0,0.0,0.03586337991461419,0.0,auto_execute,nominal_or_low_risk_execution
observable_jaw_stuck_10seed,NeedlePick,jaw_stuck_open,clean,43007,auto_execute,nominal,nominal,0.6041229227924888,auto_execute,0.6191086954108677,1.0,0.0176410778805924,36,2.25,0.0,0.0,0.0,0.0,1.0,0.0,triage_routes,0.0,0.0079166405673763,0.0470700721215553,0.07005114907924091,0.0,0.0,0.035025574539620456,0.0,auto_execute,nominal_or_low_risk_execution
observable_jaw_stuck_10seed,NeedlePick,jaw_stuck_open,clean,43009,auto_execute,nominal,nominal,0.6108682675000208,auto_execute,0.6252515416336257,1.0,0.0245532861530195,40,2.25,0.0,0.0,0.0,0.0,1.0,0.0,triage_routes,0.0,0.0084147882682315,0.0478955410358589,0.07083142341471384,0.0,0.0,0.03541571170735692,0.0,auto_execute,nominal_or_low_risk_execution
observable_jaw_stuck_10seed,NeedlePick,jaw_stuck_open,monitor_corrected,43001,human_review,grasp_outcome_uncertain,grasp_outcome_uncertain,3.864583426180352,human_review,6.210449351319368,1.0,0.0220281296648164,100,3.75,3.0,2.0,0.95,0.0,1.0,0.0,triage_routes,0.0,0.9833079036647836,0.44607248171762504,0.7802723489081556,0.0,0.0,1.0,0.55,human_review,visual_state_or_memory_uncertainty_requires_review
observable_jaw_stuck_10seed,NeedlePick,jaw_stuck_open,monitor_corrected,43003,human_review,grasp_outcome_uncertain,grasp_outcome_uncertain,3.8615196120525375,human_review,6.2095113634944274,1.0,0.0179107417448964,102,3.75,3.0,2.0,0.9411764705882352,0.0,1.0,0.0,triage_routes,0.0,0.9833194679925362,0.44569754412268037,0.780153204166411,0.0,0.0,1.0,0.55,human_review,visual_state_or_memory_uncertainty_requires_review
observable_jaw_stuck_10seed,NeedlePick,jaw_stuck_open,monitor_corrected,43005,human_review,grasp_outcome_uncertain,grasp_outcome_uncertain,2.7596964014512837,human_review,5.028332000256249,1.0,0.0164706213842961,102,3.75,3.0,1.0,0.9411764705882352,0.0,1.0,0.0,triage_routes,0.0,0.9549467845778712,0.31086072720004954,0.6301178770064232,0.0,0.0,1.0,0.55,human_review,visual_state_or_memory_uncertainty_requires_review
observable_jaw_stuck_10seed,NeedlePick,jaw_stuck_open,monitor_corrected,43007,human_review,grasp_outcome_uncertain,grasp_outcome_uncertain,3.862300218869702,human_review,6.21026406683469,1.0,0.0176630306845178,102,3.75,3.0,2.0,0.9411764705882352,0.0,1.0,0.0,triage_routes,0.0,0.983304429123823,0.44579307173317345,0.7802488137710363,0.0,0.0,1.0,0.55,human_review,visual_state_or_memory_uncertainty_requires_review
observable_jaw_stuck_10seed,NeedlePick,jaw_stuck_open,monitor_corrected,43009,human_review,grasp_outcome_uncertain,grasp_outcome_uncertain,3.8539594210317696,human_review,6.2008912113606085,1.0,0.0245702369162825,101,3.75,3.0,2.0,0.9504950495049505,0.0,1.0,0.0,triage_routes,0.0,0.9836089767124488,0.4447723575022141,0.779058258397954,0.0,0.0,1.0,0.55,human_review,visual_state_or_memory_uncertainty_requires_review
observable_jaw_stuck_10seed,NeedlePick,jaw_stuck_open,perturbed,43001,human_review,grasp_outcome_uncertain,grasp_outcome_uncertain,3.326202427630169,human_review,3.1703313784697933,0.0,0.1681557090004676,220,3.75,0.0,0.0,0.0,0.0,1.0,0.0,triage_routes,0.0,0.9294186464663048,0.38018751992187505,0.3941116108717346,0.0,0.0,1.0,0.0,human_review,visual_state_or_memory_uncertainty_requires_review
observable_jaw_stuck_10seed,NeedlePick,jaw_stuck_open,perturbed,43003,human_review,grasp_outcome_uncertain,grasp_outcome_uncertain,3.3543030213478837,human_review,3.1552796270807324,0.0,0.189271659319111,220,3.75,0.0,0.0,0.0,0.0,1.0,0.0,triage_routes,0.0,0.9343747529281536,0.3836263607214486,0.39219971288716643,0.0,0.0,1.0,0.0,human_review,visual_state_or_memory_uncertainty_requires_review
observable_jaw_stuck_10seed,NeedlePick,jaw_stuck_open,perturbed,43005,human_review,grasp_outcome_uncertain,grasp_outcome_uncertain,3.338177100501416,human_review,3.161201155084252,0.0,0.1784258487602529,220,3.75,0.0,0.0,0.0,0.0,1.0,0.0,triage_routes,0.0,0.9318709269105449,0.3816529335727344,0.39295187502184803,0.0,0.0,1.0,0.0,human_review,visual_state_or_memory_uncertainty_requires_review
observable_jaw_stuck_10seed,NeedlePick,jaw_stuck_open,perturbed,43007,human_review,grasp_outcome_uncertain,grasp_outcome_uncertain,3.391195245527669,human_review,3.1541950849859486,0.0,0.208354780329756,220,3.75,0.0,0.0,0.0,0.0,1.0,0.0,triage_routes,0.0,0.938573507435848,0.3881410868859881,0.39206195258329224,0.0,0.0,1.0,0.0,human_review,visual_state_or_memory_uncertainty_requires_review
observable_jaw_stuck_10seed,NeedlePick,jaw_stuck_open,perturbed,43009,human_review,grasp_outcome_uncertain,grasp_outcome_uncertain,3.328435231281047,human_review,3.1681439999186582,0.0,0.1702993487579441,220,3.75,0.0,0.0,0.0,0.0,1.0,0.0,triage_routes,0.0,0.9299371445905724,0.38046076170349746,0.3938337664843737,0.0,0.0,1.0,0.0,human_review,visual_state_or_memory_uncertainty_requires_review
observable_jaw_stuck_10seed,NeedlePick,none,clean,43001,auto_execute,nominal,nominal,0.6067071861399606,auto_execute,0.6213942156836811,1.0,0.0220062874458691,36,2.25,0.0,0.0,0.0,0.0,1.0,0.0,triage_routes,0.0,0.0080444970523182,0.04738632416681105,0.07034145958798727,0.0,0.0,0.03517072979399363,0.0,auto_execute,nominal_or_low_risk_execution
observable_jaw_stuck_10seed,NeedlePick,none,clean,43003,auto_execute,nominal,nominal,0.6065643820793937,auto_execute,0.6213911227042571,1.0,0.0178893382398011,41,2.25,0.0,0.0,0.0,0.0,1.0,0.0,triage_routes,0.0,0.0082850661669742,0.04736884836417303,0.07034106671270157,0.0,0.0,0.035170533356350786,0.0,auto_execute,nominal_or_low_risk_execution
observable_jaw_stuck_10seed,NeedlePick,none,clean,43005,auto_execute,nominal,nominal,0.6177439075138225,auto_execute,0.6323002342048928,1.0,0.0164449452188574,46,2.25,0.0,0.0,0.0,0.0,1.0,0.0,triage_routes,0.0,0.0086168257599337,0.04873695498035276,0.07172675982922838,0.0,0.0,0.03586337991461419,0.0,auto_execute,nominal_or_low_risk_execution
observable_jaw_stuck_10seed,NeedlePick,none,clean,43007,auto_execute,nominal,nominal,0.6041229227924888,auto_execute,0.6191086954108677,1.0,0.0176410778805924,36,2.25,0.0,0.0,0.0,0.0,1.0,0.0,triage_routes,0.0,0.0079166405673763,0.0470700721215553,0.07005114907924091,0.0,0.0,0.035025574539620456,0.0,auto_execute,nominal_or_low_risk_execution
observable_jaw_stuck_10seed,NeedlePick,none,clean,43009,auto_execute,nominal,nominal,0.6108682675000208,auto_execute,0.6252515416336257,1.0,0.0245532861530195,40,2.25,0.0,0.0,0.0,0.0,1.0,0.0,triage_routes,0.0,0.0084147882682315,0.0478955410358589,0.07083142341471384,0.0,0.0,0.03541571170735692,0.0,auto_execute,nominal_or_low_risk_execution
observable_jaw_stuck_10seed,NeedlePick,none,monitor_corrected,43001,auto_execute,nominal,nominal,2.369717688903429,auto_execute,2.373082290607406,1.0,0.0220062751549105,36,2.25,1.0,0.0,0.8611111111111112,0.0,1.0,0.0,triage_routes,0.0,0.0130199941529831,0.26313665698478866,0.2928437328100051,0.0,0.0,0.1578819941908732,0.55,auto_recovery,recoverable_execution_drift_or_monitor_trigger
observable_jaw_stuck_10seed,NeedlePick,none,monitor_corrected,43003,auto_execute,nominal,nominal,2.163972032581815,auto_execute,2.1674190914136897,1.0,0.0178893429149685,41,2.25,1.0,0.0,0.7804878048780488,0.0,1.0,0.0,triage_routes,0.0,0.0131632265807366,0.2379583079292034,0.266720058170782,0.0,0.0,0.14277498475752204,0.55,auto_recovery,recoverable_execution_drift_or_monitor_trigger
observable_jaw_stuck_10seed,NeedlePick,none,monitor_corrected,43005,auto_execute,nominal,nominal,2.965888833979561,auto_execute,2.9661763886521038,1.0,0.0164447278823137,46,2.25,2.0,0.0,0.8913043478260869,0.0,1.0,0.0,triage_routes,0.0,0.0186284015043493,0.3360937509811294,0.36817951144471084,0.0,0.0,0.20165625058867764,0.55,auto_recovery,recoverable_execution_drift_or_monitor_trigger
observable_jaw_stuck_10seed,NeedlePick,none,monitor_corrected,43007,auto_execute,nominal,nominal,2.3690573794925265,auto_execute,2.3724848578401097,1.0,0.0176411971627576,36,2.25,1.0,0.0,0.8611111111111112,0.0,1.0,0.0,triage_routes,0.0,0.0128140865170597,0.2630558509005698,0.29276784592653327,0.0,0.0,0.1578335105403419,0.55,auto_recovery,recoverable_execution_drift_or_monitor_trigger
observable_jaw_stuck_10seed,NeedlePick,none,monitor_corrected,43009,auto_execute,nominal,nominal,2.214506200665688,auto_execute,2.217843708567983,1.0,0.0245532859920237,40,2.25,1.0,0.0,0.8,0.0,1.0,0.0,triage_routes,0.0,0.013427874845296,0.24414248185538562,0.27312507519624113,0.0,0.0,0.14648548911323137,0.55,auto_recovery,recoverable_execution_drift_or_monitor_trigger
observable_jaw_stuck_10seed,GauzeRetrieve,jaw_stuck_open,clean,43001,auto_execute,nominal,nominal,0.8850402160434249,auto_execute,0.8990575895989324,1.0,0.0136650557877879,33,3.0,0.0,0.0,0.0,0.0,1.0,0.0,triage_routes,0.0,0.0076535061546972,0.0814476322201557,0.10561071372692904,0.0,0.0,0.05280535686346452,0.0,auto_execute,nominal_or_low_risk_execution
observable_jaw_stuck_10seed,GauzeRetrieve,jaw_stuck_open,clean,43003,auto_execute,nominal,nominal,0.8834742361632804,auto_execute,0.8974956391955348,1.0,0.0135693759879085,35,3.0,0.0,0.0,0.0,0.0,1.0,0.0,triage_routes,0.0,0.0077885138385129,0.08125599372464032,0.10541231224187517,0.0,0.0,0.05270615612093758,0.0,auto_execute,nominal_or_low_risk_execution
observable_jaw_stuck_10seed,GauzeRetrieve,jaw_stuck_open,clean,43005,auto_execute,nominal,nominal,0.96451915037344,auto_execute,0.9776478862012792,1.0,0.0175291856700188,35,3.09375,0.0,0.0,0.0,0.0,1.0,0.0,triage_routes,0.0,0.0079100075030162,0.09117395347963804,0.11559338124493233,0.0,0.0,0.05779669062246617,0.0,auto_execute,nominal_or_low_risk_execution
observable_jaw_stuck_10seed,GauzeRetrieve,jaw_stuck_open,clean,43007,auto_execute,nominal,nominal,0.8852765485910986,auto_execute,0.8993724855338106,1.0,0.0111477449177205,34,3.0,0.0,0.0,0.0,0.0,1.0,0.0,triage_routes,0.0,0.0076510358728659,0.08147655367339515,0.10565071232162279,0.0,0.0,0.052825356160811396,0.0,auto_execute,nominal_or_low_risk_execution
observable_jaw_stuck_10seed,GauzeRetrieve,jaw_stuck_open,clean,43009,auto_execute,nominal,nominal,0.966033227899731,auto_execute,0.9793396441263834,1.0,0.0120904816445883,34,3.09375,0.0,0.0,0.0,0.0,1.0,0.0,triage_routes,0.0,0.0076848103992345,0.0913592403680017,0.11580827109288283,0.0,0.0,0.057904135546441415,0.0,auto_execute,nominal_or_low_risk_execution
observable_jaw_stuck_10seed,GauzeRetrieve,jaw_stuck_open,monitor_corrected,43001,human_review,grasp_outcome_uncertain,grasp_outcome_uncertain,3.8693165300067593,human_review,6.217007566269357,1.0,0.01545724365915,102,3.75,3.0,2.0,0.9411764705882352,0.0,1.0,0.0,triage_routes,0.0,0.98316992375996,0.4466517004597759,0.7811053840561027,0.0,0.0,1.0,0.55,human_review,visual_state_or_memory_uncertainty_requires_review
observable_jaw_stuck_10seed,GauzeRetrieve,jaw_stuck_open,monitor_corrected,43003,human_review,grasp_outcome_uncertain,grasp_outcome_uncertain,3.876517925249489,human_review,6.223889459825499,1.0,0.0132305417802318,102,3.75,3.0,2.0,0.9411764705882352,0.0,1.0,0.0,triage_routes,0.0,0.9830330628959694,0.4475329790556421,0.781979533387958,0.0,0.0,1.0,0.55,human_review,visual_state_or_memory_uncertainty_requires_review
observable_jaw_stuck_10seed,GauzeRetrieve,jaw_stuck_open,monitor_corrected,43005,human_review,grasp_outcome_uncertain,grasp_outcome_uncertain,3.8640309222509983,human_review,6.21113814415657,1.0,0.0180168916455736,101,3.75,3.0,2.0,0.9405940594059404,0.0,1.0,0.0,triage_routes,0.0,0.9831756713844634,0.44600486844677134,0.7803598404965557,0.0,0.0,1.0,0.55,human_review,visual_state_or_memory_uncertainty_requires_review
observable_jaw_stuck_10seed,GauzeRetrieve,jaw_stuck_open,monitor_corrected,43007,human_review,grasp_outcome_uncertain,grasp_outcome_uncertain,3.881093011781968,human_review,6.228241834288792,1.0,0.0118345972014926,102,3.75,3.0,2.0,0.9411764705882352,0.0,1.0,0.0,triage_routes,0.0,0.9829467061194572,0.44809286025913253,0.78253237908341,0.0,0.0,1.0,0.55,human_review,visual_state_or_memory_uncertainty_requires_review
observable_jaw_stuck_10seed,GauzeRetrieve,jaw_stuck_open,monitor_corrected,43009,human_review,grasp_outcome_uncertain,grasp_outcome_uncertain,3.877763687094767,human_review,6.225076063058376,1.0,0.0128490280205744,102,3.75,3.0,2.0,0.9411764705882352,0.0,1.0,0.0,triage_routes,0.0,0.9830095042261352,0.4476854305199467,0.7821302576638763,0.0,0.0,1.0,0.55,human_review,visual_state_or_memory_uncertainty_requires_review
observable_jaw_stuck_10seed,GauzeRetrieve,jaw_stuck_open,perturbed,43001,human_review,grasp_outcome_uncertain,grasp_outcome_uncertain,3.610380006416861,human_review,3.248951184665933,0.0,0.2776050815794071,220,3.75,0.0,0.0,0.0,0.0,1.0,0.0,triage_routes,0.0,0.9517877555744836,0.4149640610182168,0.4040980267464201,0.0,0.0,1.0,0.0,human_review,visual_state_or_memory_uncertainty_requires_review
observable_jaw_stuck_10seed,GauzeRetrieve,jaw_stuck_open,perturbed,43003,human_review,grasp_outcome_uncertain,grasp_outcome_uncertain,3.6039195171453247,human_review,3.245073689812472,0.0,0.2760059344581251,220,3.75,0.0,0.0,0.0,0.0,1.0,0.0,triage_routes,0.0,0.95151553566797,0.4141734515985247,0.4036055010327086,0.0,0.0,1.0,0.0,human_review,visual_state_or_memory_uncertainty_requires_review
observable_jaw_stuck_10seed,GauzeRetrieve,jaw_stuck_open,perturbed,43005,human_review,grasp_outcome_uncertain,grasp_outcome_uncertain,3.728114229659108,human_review,3.3254951888214555,0.0,0.3045288069923799,220,3.75,0.0,0.0,0.0,0.0,1.0,0.0,triage_routes,0.0,0.9561583895992722,0.4293719149752778,0.4138207708638971,0.0,0.0,1.0,0.0,human_review,visual_state_or_memory_uncertainty_requires_review
observable_jaw_stuck_10seed,GauzeRetrieve,jaw_stuck_open,perturbed,43007,human_review,grasp_outcome_uncertain,grasp_outcome_uncertain,3.4760306195744213,human_review,3.1788235675120284,0.0,0.2401932296997525,220,3.75,0.0,0.0,0.0,0.0,1.0,0.0,triage_routes,0.0,0.9450240412556647,0.39852290829694087,0.39519030255981424,0.0,0.0,1.0,0.0,human_review,visual_state_or_memory_uncertainty_requires_review
observable_jaw_stuck_10seed,GauzeRetrieve,jaw_stuck_open,perturbed,43009,human_review,grasp_outcome_uncertain,grasp_outcome_uncertain,3.551075854889758,human_review,3.2149967139480977,0.0,0.2622889794394657,220,3.75,0.0,0.0,0.0,0.0,1.0,0.0,triage_routes,0.0,0.9491198990930946,0.4077066508046051,0.3997850745553756,0.0,0.0,1.0,0.0,human_review,visual_state_or_memory_uncertainty_requires_review
observable_jaw_stuck_10seed,GauzeRetrieve,none,clean,43001,auto_execute,nominal,nominal,0.8850402160434249,auto_execute,0.8990575895989324,1.0,0.0136650557877879,33,3.0,0.0,0.0,0.0,0.0,1.0,0.0,triage_routes,0.0,0.0076535061546972,0.0814476322201557,0.10561071372692904,0.0,0.0,0.05280535686346452,0.0,auto_execute,nominal_or_low_risk_execution
observable_jaw_stuck_10seed,GauzeRetrieve,none,clean,43003,auto_execute,nominal,nominal,0.8834742361632804,auto_execute,0.8974956391955348,1.0,0.0135693759879085,35,3.0,0.0,0.0,0.0,0.0,1.0,0.0,triage_routes,0.0,0.0077885138385129,0.08125599372464032,0.10541231224187517,0.0,0.0,0.05270615612093758,0.0,auto_execute,nominal_or_low_risk_execution
observable_jaw_stuck_10seed,GauzeRetrieve,none,clean,43005,auto_execute,nominal,nominal,0.96451915037344,auto_execute,0.9776478862012792,1.0,0.0175291856700188,35,3.09375,0.0,0.0,0.0,0.0,1.0,0.0,triage_routes,0.0,0.0079100075030162,0.09117395347963804,0.11559338124493233,0.0,0.0,0.05779669062246617,0.0,auto_execute,nominal_or_low_risk_execution
observable_jaw_stuck_10seed,GauzeRetrieve,none,clean,43007,auto_execute,nominal,nominal,0.8852765485910986,auto_execute,0.8993724855338106,1.0,0.0111477449177205,34,3.0,0.0,0.0,0.0,0.0,1.0,0.0,triage_routes,0.0,0.0076510358728659,0.08147655367339515,0.10565071232162279,0.0,0.0,0.052825356160811396,0.0,auto_execute,nominal_or_low_risk_execution
observable_jaw_stuck_10seed,GauzeRetrieve,none,clean,43009,auto_execute,nominal,nominal,0.966033227899731,auto_execute,0.9793396441263834,1.0,0.0120904816445883,34,3.09375,0.0,0.0,0.0,0.0,1.0,0.0,triage_routes,0.0,0.0076848103992345,0.0913592403680017,0.11580827109288283,0.0,0.0,0.057904135546441415,0.0,auto_execute,nominal_or_low_risk_execution
observable_jaw_stuck_10seed,GauzeRetrieve,none,monitor_corrected,43001,auto_execute,nominal,nominal,2.3496487066088174,auto_execute,2.3543824364343418,1.0,0.0140234758530562,33,3.0,1.0,0.0,0.8181818181818182,0.0,1.0,0.0,triage_routes,0.0,0.0122855229802663,0.2606806933914955,0.290468446866126,0.0,0.0,0.1564084160348973,0.55,auto_recovery,recoverable_execution_drift_or_monitor_trigger
observable_jaw_stuck_10seed,GauzeRetrieve,none,monitor_corrected,43003,auto_execute,nominal,nominal,2.374635984714589,auto_execute,2.3793501025258195,1.0,0.0135457931464293,35,3.0,1.0,0.0,0.8285714285714286,0.0,1.0,0.0,triage_routes,0.0,0.0125133947812352,0.26373853879802334,0.29363988049174106,0.0,0.0,0.15824312327881399,0.55,auto_recovery,recoverable_execution_drift_or_monitor_trigger
observable_jaw_stuck_10seed,GauzeRetrieve,none,monitor_corrected,43005,auto_execute,nominal,nominal,2.405951012253581,auto_execute,2.410716135949657,1.0,0.0172878285550669,35,3.09375,1.0,0.0,0.8285714285714286,0.0,1.0,0.0,triage_routes,0.0,0.0126975436784367,0.26757074944177817,0.2976240451604796,0.0,0.0,0.1605424496650669,0.55,auto_recovery,recoverable_execution_drift_or_monitor_trigger
observable_jaw_stuck_10seed,GauzeRetrieve,none,monitor_corrected,43007,auto_execute,nominal,nominal,2.363320570956362,auto_execute,2.3681026403847825,1.0,0.0095592436111257,34,3.0,1.0,0.0,0.8235294117647058,0.0,1.0,0.0,triage_routes,0.0,0.012209391388516,0.26235380270003417,0.2922112095256113,0.0,0.0,0.1574122816200205,0.55,auto_recovery,recoverable_execution_drift_or_monitor_trigger
observable_jaw_stuck_10seed,GauzeRetrieve,none,monitor_corrected,43009,auto_execute,nominal,nominal,2.3625734747568345,auto_execute,2.3673096072798554,1.0,0.0128956669198566,34,3.0,1.0,0.0,0.8235294117647058,0.0,1.0,0.0,triage_routes,0.0,0.0123591632627052,0.26226237598791735,0.2921104771685709,0.0,0.0,0.1573574255927504,0.55,auto_recovery,recoverable_execution_drift_or_monitor_trigger
third_task_reach_freeze,NeedleReach,action_freeze,clean,43001,auto_execute,nominal,nominal,1.1981353687413177,auto_execute,1.2033999633920285,1.0,0.0136463958295944,18,1.5,0.0,0.0,0.0,0.0,1.0,0.0,triage_routes,0.0,0.0065937846253172,0.11976299295815619,0.14426877789722808,0.0,0.0,0.07213438894861404,0.0,auto_execute,nominal_or_low_risk_execution
third_task_reach_freeze,NeedleReach,action_freeze,clean,43003,auto_execute,nominal,nominal,1.200109053349951,auto_execute,1.2050857747736652,1.0,0.0236438113402088,18,1.5,0.0,0.0,0.0,0.0,1.0,0.0,triage_routes,0.0,0.0068405424476629,0.12000452476441764,0.1444829124055389,0.0,0.0,0.07224145620276945,0.0,auto_execute,nominal_or_low_risk_execution
third_task_reach_freeze,NeedleReach,action_freeze,monitor_corrected,43001,auto_recovery,execution_drift,execution_drift,3.3296473061512053,auto_recovery,3.3296473061512053,1.0,0.0136463891084636,20,2.59375,2.0,0.0,0.9,0.0,1.0,0.0,triage_routes,0.0,0.00168163259686,0.38060909068748655,0.41434817957197667,0.0,0.0,0.22836545441249193,1.0,auto_recovery,recoverable_execution_drift_or_monitor_trigger
third_task_reach_freeze,NeedleReach,action_freeze,monitor_corrected,43003,auto_recovery,execution_drift,execution_drift,3.3047620144223573,auto_recovery,3.3047620144223573,1.0,0.0236439781451864,20,2.59375,2.0,0.0,0.9,0.0,1.0,0.0,triage_routes,0.0,0.0017448879853097,0.3775637259750497,0.4111872092721116,0.0,0.0,0.22653823558502983,1.0,auto_recovery,recoverable_execution_drift_or_monitor_trigger
third_task_reach_freeze,NeedleReach,action_freeze,perturbed,43001,auto_recovery,execution_drift,execution_drift,3.9318526683100834,auto_recovery,3.9318526683100834,0.0,0.3804440092879991,120,3.25,0.0,0.0,0.0,0.0,1.0,0.0,triage_routes,0.0,0.0355365981991596,0.4543046285795714,0.4908412858190312,0.0,0.0,0.2725827771477428,1.0,auto_recovery,recoverable_execution_drift_or_monitor_trigger
third_task_reach_freeze,NeedleReach,action_freeze,perturbed,43003,auto_recovery,execution_drift,execution_drift,4.329649081870799,auto_recovery,4.329649081870799,0.0,0.4321695256894541,120,3.25,0.0,0.0,0.0,0.0,1.0,0.0,triage_routes,0.0,0.0427114798126956,0.5029853984813923,0.541370034381003,0.0,0.0,0.3017912390888354,1.0,auto_recovery,recoverable_execution_drift_or_monitor_trigger
third_task_reach_freeze,NeedleReach,none,clean,43001,auto_execute,nominal,nominal,1.1981353687413177,auto_execute,1.2033999633920285,1.0,0.0136463958295944,18,1.5,0.0,0.0,0.0,0.0,1.0,0.0,triage_routes,0.0,0.0065937846253172,0.11976299295815619,0.14426877789722808,0.0,0.0,0.07213438894861404,0.0,auto_execute,nominal_or_low_risk_execution
third_task_reach_freeze,NeedleReach,none,clean,43003,auto_execute,nominal,nominal,1.200109053349951,auto_execute,1.2050857747736652,1.0,0.0236438113402088,18,1.5,0.0,0.0,0.0,0.0,1.0,0.0,triage_routes,0.0,0.0068405424476629,0.12000452476441764,0.1444829124055389,0.0,0.0,0.07224145620276945,0.0,auto_execute,nominal_or_low_risk_execution
third_task_reach_freeze,NeedleReach,none,monitor_corrected,43001,auto_execute,nominal,nominal,1.1981353687413177,auto_execute,1.2033999633920285,1.0,0.0136463958295944,18,1.5,0.0,0.0,0.0,0.0,1.0,0.0,triage_routes,0.0,0.0065937846253172,0.11976299295815619,0.14426877789722808,0.0,0.0,0.07213438894861404,0.0,auto_execute,nominal_or_low_risk_execution
third_task_reach_freeze,NeedleReach,none,monitor_corrected,43003,auto_execute,nominal,nominal,1.200109050282556,auto_execute,1.2050857718555392,1.0,0.0236438064503662,18,1.5,0.0,0.0,0.0,0.0,1.0,0.0,triage_routes,0.0,0.0068405423247558,0.12000452438904183,0.1444829120348738,0.0,0.0,0.0722414560174369,0.0,auto_execute,nominal_or_low_risk_execution
visual_state_drift_5seed,NeedlePick,depth_scale_error,clean,43001,auto_execute,nominal,nominal,0.6067071861399606,auto_execute,0.6213942156836811,1.0,0.0220062874458691,36,2.25,0.0,0.0,0.0,0.0,1.0,0.0,triage_routes,0.0,0.0080444970523182,0.04738632416681105,0.07034145958798727,0.0,0.0,0.03517072979399363,0.0,auto_execute,nominal_or_low_risk_execution
visual_state_drift_5seed,NeedlePick,depth_scale_error,clean,43003,auto_execute,nominal,nominal,0.6065643820793937,auto_execute,0.6213911227042571,1.0,0.0178893382398011,41,2.25,0.0,0.0,0.0,0.0,1.0,0.0,triage_routes,0.0,0.0082850661669742,0.04736884836417303,0.07034106671270157,0.0,0.0,0.035170533356350786,0.0,auto_execute,nominal_or_low_risk_execution
visual_state_drift_5seed,NeedlePick,depth_scale_error,monitor_corrected,43001,human_review,visual_state_error,visual_state_error,1.5199081885182584,human_review,3.503544601577265,0.0,0.1686944336344666,180,3.25,0.0,0.0,0.0,0.0,1.0,0.0,triage_routes,0.0,0.9381806371622649,0.15914029266784946,0.436436897359899,0.0,0.0,1.0,0.0,human_review,visual_state_or_memory_uncertainty_requires_review
visual_state_drift_5seed,NeedlePick,depth_scale_error,monitor_corrected,43003,human_review,visual_state_error,visual_state_error,1.4248129439456167,human_review,3.491574787747973,0.0,0.1862744182532687,180,3.25,0.0,0.0,0.0,0.0,1.0,0.0,triage_routes,0.0,0.9418471163239368,0.14750290841302233,0.4349164721054325,0.0,0.0,1.0,0.0,human_review,visual_state_or_memory_uncertainty_requires_review
visual_state_drift_5seed,NeedlePick,depth_scale_error,perturbed,43001,human_review,visual_state_error,visual_state_error,1.5199081885182584,human_review,3.503544601577265,0.0,0.1686944336344666,180,3.25,0.0,0.0,0.0,0.0,1.0,0.0,triage_routes,0.0,0.9381806371622649,0.15914029266784946,0.436436897359899,0.0,0.0,1.0,0.0,human_review,visual_state_or_memory_uncertainty_requires_review
visual_state_drift_5seed,NeedlePick,depth_scale_error,perturbed,43003,human_review,visual_state_error,visual_state_error,1.4248129439456167,human_review,3.491574787747973,0.0,0.1862744182532687,180,3.25,0.0,0.0,0.0,0.0,1.0,0.0,triage_routes,0.0,0.9418471163239368,0.14750290841302233,0.4349164721054325,0.0,0.0,1.0,0.0,human_review,visual_state_or_memory_uncertainty_requires_review
visual_state_drift_5seed,NeedlePick,near_target_drift,clean,43001,auto_execute,nominal,nominal,0.6067071861399606,auto_execute,0.6213942156836811,1.0,0.0220062874458691,36,2.25,0.0,0.0,0.0,0.0,1.0,0.0,triage_routes,0.0,0.0080444970523182,0.04738632416681105,0.07034145958798727,0.0,0.0,0.03517072979399363,0.0,auto_execute,nominal_or_low_risk_execution
visual_state_drift_5seed,NeedlePick,near_target_drift,clean,43003,auto_execute,nominal,nominal,0.6065643820793937,auto_execute,0.6213911227042571,1.0,0.0178893382398011,41,2.25,0.0,0.0,0.0,0.0,1.0,0.0,triage_routes,0.0,0.0082850661669742,0.04736884836417303,0.07034106671270157,0.0,0.0,0.035170533356350786,0.0,auto_execute,nominal_or_low_risk_execution
visual_state_drift_5seed,NeedlePick,near_target_drift,monitor_corrected,43001,auto_recovery,execution_drift,execution_drift,2.4588965878272,auto_recovery,2.4588965878272,1.0,0.0195788268067517,36,2.25,1.0,0.0,0.0833333333333333,0.0,1.0,0.0,triage_routes,0.0,0.001229036242651,0.27405002198912964,0.30374400465617013,0.0,0.0,0.16443001319347778,1.0,auto_recovery,recoverable_execution_drift_or_monitor_trigger
visual_state_drift_5seed,NeedlePick,near_target_drift,monitor_corrected,43003,auto_recovery,execution_drift,execution_drift,2.433423983846152,auto_recovery,2.433423983846152,1.0,0.0162453426210457,41,2.25,1.0,0.0,0.0975609756097561,0.0,1.0,0.0,triage_routes,0.0,0.0012738952891039,0.2709327842993727,0.30050843299714963,0.0,0.0,0.1625596705796236,1.0,auto_recovery,recoverable_execution_drift_or_monitor_trigger
visual_state_drift_5seed,NeedlePick,near_target_drift,perturbed,43001,auto_recovery,execution_drift,execution_drift,2.60642758810359,auto_recovery,2.60642758810359,0.0,0.1198368056072243,180,2.25,0.0,0.0,0.0,0.0,1.0,0.0,triage_routes,0.0,0.0047637502919253,0.2921042890287802,0.3224836326767835,0.0,0.0,0.1752625734172681,1.0,auto_recovery,recoverable_execution_drift_or_monitor_trigger
visual_state_drift_5seed,NeedlePick,near_target_drift,perturbed,43003,auto_recovery,execution_drift,execution_drift,2.607807806488176,auto_recovery,2.607807806488176,0.0,0.1214202934255385,180,2.25,0.0,0.0,0.0,0.0,1.0,0.0,triage_routes,0.0,0.0047916065885948,0.2922731947587059,0.32265895026472025,0.0,0.0,0.17536391685522354,1.0,auto_recovery,recoverable_execution_drift_or_monitor_trigger
visual_state_drift_5seed,NeedlePick,none,clean,43001,auto_execute,nominal,nominal,0.6067071861399606,auto_execute,0.6213942156836811,1.0,0.0220062874458691,36,2.25,0.0,0.0,0.0,0.0,1.0,0.0,triage_routes,0.0,0.0080444970523182,0.04738632416681105,0.07034145958798727,0.0,0.0,0.03517072979399363,0.0,auto_execute,nominal_or_low_risk_execution
visual_state_drift_5seed,NeedlePick,none,clean,43003,auto_execute,nominal,nominal,0.6065643820793937,auto_execute,0.6213911227042571,1.0,0.0178893382398011,41,2.25,0.0,0.0,0.0,0.0,1.0,0.0,triage_routes,0.0,0.0082850661669742,0.04736884836417303,0.07034106671270157,0.0,0.0,0.035170533356350786,0.0,auto_execute,nominal_or_low_risk_execution
visual_state_drift_5seed,NeedlePick,none,monitor_corrected,43001,auto_execute,nominal,nominal,0.6067071722723725,auto_execute,0.6213942029246938,1.0,0.0220062730331292,36,2.25,0.0,0.0,0.0,0.0,1.0,0.0,triage_routes,0.0,0.0080444966268075,0.047386322469749845,0.0703414579673199,0.0,0.0,0.03517072898365995,0.0,auto_execute,nominal_or_low_risk_execution
visual_state_drift_5seed,NeedlePick,none,monitor_corrected,43003,auto_execute,nominal,nominal,0.6065644216347233,auto_execute,0.621391153125539,1.0,0.0178894894159201,41,2.25,0.0,0.0,0.0,0.0,1.0,0.0,triage_routes,0.0,0.0082850707625401,0.04736885320479963,0.07034107057686237,0.0,0.0,0.035170535288431184,0.0,auto_execute,nominal_or_low_risk_execution
visual_state_drift_5seed,NeedlePick,perception_bias,clean,43001,auto_execute,nominal,nominal,0.6067071861399606,auto_execute,0.6213942156836811,1.0,0.0220062874458691,36,2.25,0.0,0.0,0.0,0.0,1.0,0.0,triage_routes,0.0,0.0080444970523182,0.04738632416681105,0.07034145958798727,0.0,0.0,0.03517072979399363,0.0,auto_execute,nominal_or_low_risk_execution
visual_state_drift_5seed,NeedlePick,perception_bias,clean,43003,auto_execute,nominal,nominal,0.6065643820793937,auto_execute,0.6213911227042571,1.0,0.0178893382398011,41,2.25,0.0,0.0,0.0,0.0,1.0,0.0,triage_routes,0.0,0.0082850661669742,0.04736884836417303,0.07034106671270157,0.0,0.0,0.035170533356350786,0.0,auto_execute,nominal_or_low_risk_execution
visual_state_drift_5seed,NeedlePick,perception_bias,monitor_corrected,43001,human_review,visual_state_error,visual_state_error,8.391019236249035,human_review,7.940293728075593,0.0,0.1967864754081198,180,3.25,8.0,0.0,0.6944444444444444,0.0,1.0,0.0,triage_routes,0.0,0.999858330491021,1.0,1.0,0.0,0.0,1.0,0.55,human_review,visual_state_or_memory_uncertainty_requires_review
visual_state_drift_5seed,NeedlePick,perception_bias,monitor_corrected,43003,human_review,visual_state_error,visual_state_error,1.3901459677731538,human_review,3.4892794872084605,0.0,0.1935789775650924,180,3.25,0.0,0.0,0.0,0.0,1.0,0.0,triage_routes,0.0,0.9433097556611556,0.1432604993999858,0.4346249192912755,0.0,0.0,1.0,0.0,human_review,visual_state_or_memory_uncertainty_requires_review
visual_state_drift_5seed,NeedlePick,perception_bias,perturbed,43001,human_review,visual_state_error,visual_state_error,1.3838651239867734,human_review,3.4890200041221697,0.0,0.1949771803787232,180,3.25,0.0,0.0,0.0,0.0,1.0,0.0,triage_routes,0.0,0.9435857561869246,0.14249187429244095,0.43459195932689093,0.0,0.0,1.0,0.0,human_review,visual_state_or_memory_uncertainty_requires_review
visual_state_drift_5seed,NeedlePick,perception_bias,perturbed,43003,human_review,visual_state_error,visual_state_error,1.3901459677731538,human_review,3.4892794872084605,0.0,0.1935789775650924,180,3.25,0.0,0.0,0.0,0.0,1.0,0.0,triage_routes,0.0,0.9433097556611556,0.1432604993999858,0.4346249192912755,0.0,0.0,1.0,0.0,human_review,visual_state_or_memory_uncertainty_requires_review
visual_state_drift_5seed,GauzeRetrieve,depth_scale_error,clean,43001,auto_execute,nominal,nominal,0.8850402160434249,auto_execute,0.8990575895989324,1.0,0.0136650557877879,33,3.0,0.0,0.0,0.0,0.0,1.0,0.0,triage_routes,0.0,0.0076535061546972,0.0814476322201557,0.10561071372692904,0.0,0.0,0.05280535686346452,0.0,auto_execute,nominal_or_low_risk_execution
visual_state_drift_5seed,GauzeRetrieve,depth_scale_error,clean,43003,auto_execute,nominal,nominal,0.8834742361632804,auto_execute,0.8974956391955348,1.0,0.0135693759879085,35,3.0,0.0,0.0,0.0,0.0,1.0,0.0,triage_routes,0.0,0.0077885138385129,0.08125599372464032,0.10541231224187517,0.0,0.0,0.05270615612093758,0.0,auto_execute,nominal_or_low_risk_execution
visual_state_drift_5seed,GauzeRetrieve,depth_scale_error,monitor_corrected,43001,human_review,visual_state_error,visual_state_error,1.2649777490821117,human_review,3.57434775625363,0.0,0.2771563408137515,180,3.25,0.0,0.0,0.0,0.0,1.0,0.0,triage_routes,0.0,0.9577510450433128,0.1279429021431935,0.44543042942323013,0.0,0.0,1.0,0.0,human_review,visual_state_or_memory_uncertainty_requires_review
visual_state_drift_5seed,GauzeRetrieve,depth_scale_error,monitor_corrected,43003,human_review,visual_state_error,visual_state_error,1.2623786623690605,human_review,3.5711483913030024,0.0,0.2756972522958772,180,3.25,0.0,0.0,0.0,0.0,1.0,0.0,triage_routes,0.0,0.9575320690336212,0.12762483607241026,0.44502404087462255,0.0,0.0,1.0,0.0,human_review,visual_state_or_memory_uncertainty_requires_review
visual_state_drift_5seed,GauzeRetrieve,depth_scale_error,perturbed,43001,human_review,visual_state_error,visual_state_error,1.2649777490821117,human_review,3.57434775625363,0.0,0.2771563408137515,180,3.25,0.0,0.0,0.0,0.0,1.0,0.0,triage_routes,0.0,0.9577510450433128,0.1279429021431935,0.44543042942323013,0.0,0.0,1.0,0.0,human_review,visual_state_or_memory_uncertainty_requires_review
visual_state_drift_5seed,GauzeRetrieve,depth_scale_error,perturbed,43003,human_review,visual_state_error,visual_state_error,1.2623786623690605,human_review,3.5711483913030024,0.0,0.2756972522958772,180,3.25,0.0,0.0,0.0,0.0,1.0,0.0,triage_routes,0.0,0.9575320690336212,0.12762483607241026,0.44502404087462255,0.0,0.0,1.0,0.0,human_review,visual_state_or_memory_uncertainty_requires_review
visual_state_drift_5seed,GauzeRetrieve,near_target_drift,clean,43001,auto_execute,nominal,nominal,0.8850402160434249,auto_execute,0.8990575895989324,1.0,0.0136650557877879,33,3.0,0.0,0.0,0.0,0.0,1.0,0.0,triage_routes,0.0,0.0076535061546972,0.0814476322201557,0.10561071372692904,0.0,0.0,0.05280535686346452,0.0,auto_execute,nominal_or_low_risk_execution
visual_state_drift_5seed,GauzeRetrieve,near_target_drift,clean,43003,auto_execute,nominal,nominal,0.8834742361632804,auto_execute,0.8974956391955348,1.0,0.0135693759879085,35,3.0,0.0,0.0,0.0,0.0,1.0,0.0,triage_routes,0.0,0.0077885138385129,0.08125599372464032,0.10541231224187517,0.0,0.0,0.05270615612093758,0.0,auto_execute,nominal_or_low_risk_execution
visual_state_drift_5seed,GauzeRetrieve,near_target_drift,monitor_corrected,43001,auto_recovery,execution_drift,execution_drift,2.367612628932845,auto_recovery,2.367612628932845,1.0,0.0087030527636926,33,3.0,1.0,0.0,0.0606060606060606,0.0,1.0,0.0,triage_routes,0.0,0.0011519568584615,0.2628790479753452,0.29214896747263297,0.0,0.0,0.15772742878520712,1.0,auto_recovery,recoverable_execution_drift_or_monitor_trigger
visual_state_drift_5seed,GauzeRetrieve,near_target_drift,monitor_corrected,43003,auto_recovery,execution_drift,execution_drift,2.352855666514843,auto_recovery,2.352855666514843,1.0,0.0097548058524556,35,3.0,1.0,0.0,0.0571428571428571,0.0,1.0,0.0,triage_routes,0.0,0.0011764543271807,0.2610731486071476,0.2902745140634549,0.0,0.0,0.15664388916428854,1.0,auto_recovery,recoverable_execution_drift_or_monitor_trigger
visual_state_drift_5seed,GauzeRetrieve,near_target_drift,perturbed,43001,auto_recovery,execution_drift,execution_drift,2.490726163532051,auto_recovery,2.490726163532051,0.0,0.0499547661233064,180,3.0,0.0,0.0,0.0,0.0,1.0,0.0,triage_routes,0.0,0.0037104496096968,0.2779452010257902,0.3077870492206712,0.0,0.0,0.1667671206154741,1.0,auto_recovery,recoverable_execution_drift_or_monitor_trigger
visual_state_drift_5seed,GauzeRetrieve,near_target_drift,perturbed,43003,auto_recovery,execution_drift,execution_drift,2.4998423556500726,auto_recovery,2.4998423556500726,0.0,0.045620351134959,180,3.0,0.0,0.0,0.0,0.0,1.0,0.0,triage_routes,0.0,0.0036516379395557,0.27906080497733377,0.3089450027960968,0.0,0.0,0.16743648298640026,1.0,auto_recovery,recoverable_execution_drift_or_monitor_trigger
visual_state_drift_5seed,GauzeRetrieve,none,clean,43001,auto_execute,nominal,nominal,0.8850402160434249,auto_execute,0.8990575895989324,1.0,0.0136650557877879,33,3.0,0.0,0.0,0.0,0.0,1.0,0.0,triage_routes,0.0,0.0076535061546972,0.0814476322201557,0.10561071372692904,0.0,0.0,0.05280535686346452,0.0,auto_execute,nominal_or_low_risk_execution
visual_state_drift_5seed,GauzeRetrieve,none,clean,43003,auto_execute,nominal,nominal,0.8834742361632804,auto_execute,0.8974956391955348,1.0,0.0135693759879085,35,3.0,0.0,0.0,0.0,0.0,1.0,0.0,triage_routes,0.0,0.0077885138385129,0.08125599372464032,0.10541231224187517,0.0,0.0,0.05270615612093758,0.0,auto_execute,nominal_or_low_risk_execution
visual_state_drift_5seed,GauzeRetrieve,none,monitor_corrected,43001,auto_execute,nominal,nominal,0.8855659829779168,auto_execute,0.8996253993909098,1.0,0.012322657234959,33,3.0,0.0,0.0,0.0,0.0,1.0,0.0,triage_routes,0.0,0.0076158776859586,0.08151197352210685,0.10568283785181251,0.0,0.0,0.052841418925906256,0.0,auto_execute,nominal_or_low_risk_execution
visual_state_drift_5seed,GauzeRetrieve,none,monitor_corrected,43003,auto_execute,nominal,nominal,0.8833645406225877,auto_execute,0.8973741279588369,1.0,0.0139300254772562,35,3.0,0.0,0.0,0.0,0.0,1.0,0.0,triage_routes,0.0,0.0077988319990012,0.08124256961322635,0.10539687768661711,0.0,0.0,0.052698438843308555,0.0,auto_execute,nominal_or_low_risk_execution
visual_state_drift_5seed,GauzeRetrieve,perception_bias,clean,43001,auto_execute,nominal,nominal,0.8850402160434249,auto_execute,0.8990575895989324,1.0,0.0136650557877879,33,3.0,0.0,0.0,0.0,0.0,1.0,0.0,triage_routes,0.0,0.0076535061546972,0.0814476322201557,0.10561071372692904,0.0,0.0,0.05280535686346452,0.0,auto_execute,nominal_or_low_risk_execution
visual_state_drift_5seed,GauzeRetrieve,perception_bias,clean,43003,auto_execute,nominal,nominal,0.8834742361632804,auto_execute,0.8974956391955348,1.0,0.0135693759879085,35,3.0,0.0,0.0,0.0,0.0,1.0,0.0,triage_routes,0.0,0.0077885138385129,0.08125599372464032,0.10541231224187517,0.0,0.0,0.05270615612093758,0.0,auto_execute,nominal_or_low_risk_execution
visual_state_drift_5seed,GauzeRetrieve,perception_bias,monitor_corrected,43001,human_review,visual_state_error,visual_state_error,3.597005558059948,human_review,3.214401133930344,0.0,0.2759292028708469,180,4.75,0.0,0.0,0.0,0.0,1.0,0.0,triage_routes,0.0,0.9987810190451334,0.4133273483158603,0.3997094230111693,0.0,0.0,1.0,0.0,human_review,visual_state_or_memory_uncertainty_requires_review
visual_state_drift_5seed,GauzeRetrieve,perception_bias,monitor_corrected,43003,human_review,visual_state_error,visual_state_error,3.597473941672887,human_review,3.216232114197262,0.0,0.2766818950583815,180,4.75,0.0,0.0,0.0,0.0,1.0,0.0,triage_routes,0.0,0.9987844047910818,0.4133846672712606,0.39994199710780554,0.0,0.0,1.0,0.0,human_review,visual_state_or_memory_uncertainty_requires_review
visual_state_drift_5seed,GauzeRetrieve,perception_bias,perturbed,43001,human_review,visual_state_error,visual_state_error,3.597005558059948,human_review,3.214401133930344,0.0,0.2759292028708469,180,4.75,0.0,0.0,0.0,0.0,1.0,0.0,triage_routes,0.0,0.9987810190451334,0.4133273483158603,0.3997094230111693,0.0,0.0,1.0,0.0,human_review,visual_state_or_memory_uncertainty_requires_review
visual_state_drift_5seed,GauzeRetrieve,perception_bias,perturbed,43003,human_review,visual_state_error,visual_state_error,3.597473941672887,human_review,3.216232114197262,0.0,0.2766818950583815,180,4.75,0.0,0.0,0.0,0.0,1.0,0.0,triage_routes,0.0,0.9987844047910818,0.4133846672712606,0.39994199710780554,0.0,0.0,1.0,0.0,human_review,visual_state_or_memory_uncertainty_requires_review
unsafe_zone_abort_proxy,NeedlePick,none,clean,43001,auto_execute,nominal,nominal,3.793353804196818,auto_execute,3.779167259875875,1.0,0.0220062874458691,36,4.0,0.0,0.0,0.0,4.0,0.0523084602551763,0.0,unsafe_zone,0.0,0.0045137136327593,0.4373556790523218,0.4714469364763705,0.9731160708987262,0.6811812496291083,0.2624134074313931,0.0,auto_execute,nominal_or_low_risk_execution
unsafe_zone_abort_proxy,NeedlePick,none,clean,43003,auto_execute,nominal,nominal,2.872630215999788,auto_execute,2.8550727525832484,1.0,0.0178893382398011,41,3.0,0.0,0.0,0.0,3.0,0.0589164612439983,0.0,unsafe_zone,0.0,0.0046637228171031,0.32468112590842435,0.3540669465751758,0.9663307914179483,0.6764315539925638,0.1948086755450546,0.0,auto_execute,nominal_or_low_risk_execution
unsafe_zone_abort_proxy,NeedlePick,none,clean,43005,auto_execute,nominal,execution_drift,4.690401772367277,auto_recovery,4.690401772367277,1.0,0.0164449452188574,46,5.0,0.0,0.0,0.0,5.0,0.0456421810426992,0.0,unsafe_zone,,0.0,0.5471329023774814,0.5871934288857127,0.9799611920828895,0.6859728344580226,0.3282797414264888,1.0,auto_recovery,recoverable_execution_drift_or_monitor_trigger
unsafe_zone_abort_proxy,NeedlePick,none,clean,43007,auto_execute,nominal,nominal,2.5901191341323777,auto_execute,2.5731760573299725,1.0,0.0176410778805924,36,1.0,0.0,0.0,0.0,1.0,0.0671385562443693,0.0,unsafe_zone,,0.0,0.2901085241898751,0.3182599690627214,0.9578881152456239,0.6705216806719367,0.17406511451392506,0.0,auto_execute,nominal_or_low_risk_execution
unsafe_zone_abort_proxy,NeedlePick,none,clean,43009,auto_execute,nominal,nominal,2.8749362091764006,auto_execute,2.8573062310170965,1.0,0.0245532861530195,40,3.0,0.0,0.0,0.0,3.0,0.0581271249586626,0.0,unsafe_zone,,0.0,0.3249633243380709,0.35435064664474736,0.9671413039026441,0.6769989127318509,0.19497799460284254,0.0,auto_execute,nominal_or_low_risk_execution
unsafe_zone_abort_proxy,NeedlePick,none,clean,43011,auto_execute,nominal,nominal,3.3558295025587803,auto_execute,3.3437344510893063,1.0,0.0211598269321032,35,0.0,0.0,0.0,0.0,0.0,0.073415116013831,0.0,unsafe_zone,,0.0,0.383813165524242,0.41613755167355476,0.9514431688411596,0.6660102181888117,0.23028789931454519,0.0,auto_execute,nominal_or_low_risk_execution
unsafe_zone_abort_proxy,NeedlePick,none,clean,43013,auto_execute,nominal,nominal,2.381088646433817,auto_execute,2.361286008988173,1.0,0.0195894000033351,40,2.0,0.0,0.0,0.0,2.0,0.0661116095018315,0.0,unsafe_zone,,0.0,0.2645281903124658,0.29134534989958843,0.9589426127663991,0.6712598289364794,0.1587169141874795,0.0,auto_execute,nominal_or_low_risk_execution
unsafe_zone_abort_proxy,NeedlePick,none,clean,43015,auto_execute,nominal,nominal,2.588473704600325,auto_execute,2.5714470765671607,1.0,0.0239226527400715,40,1.0,0.0,0.0,0.0,1.0,0.0687024642843232,0.0,unsafe_zone,,0.0,0.28990716295656854,0.3180403511092798,0.9562822509076383,0.6693975756353467,0.17394429777394113,0.0,auto_execute,nominal_or_low_risk_execution
unsafe_zone_abort_proxy,NeedlePick,none,clean,43017,auto_execute,nominal,execution_drift,4.674432526461165,auto_recovery,4.674432526461165,1.0,0.020109954138219,50,5.0,0.0,0.0,0.0,5.0,0.0445909467566631,0.0,unsafe_zone,,0.0,0.5451786484954453,0.5851649892527568,0.9810406287298569,0.6867284401108997,0.32710718909726716,1.0,auto_recovery,recoverable_execution_drift_or_monitor_trigger
unsafe_zone_abort_proxy,NeedlePick,none,clean,43019,auto_execute,nominal,nominal,2.381252266184429,auto_execute,2.3614873474149705,1.0,0.0168048794983858,40,2.0,0.0,0.0,0.0,2.0,0.0659286475576742,0.0,unsafe_zone,,0.0,0.26454821345787244,0.2913709242345917,0.9591304831870534,0.6713913382309373,0.15872892807472347,0.0,auto_execute,nominal_or_low_risk_execution
unsafe_zone_abort_proxy,NeedlePick,none,monitor_corrected,43001,auto_execute,nominal,nominal,3.793353838830877,auto_execute,3.779167294455794,1.0,0.0220062730331292,36,4.0,0.0,0.0,0.0,4.0,0.052308432932747,0.0,unsafe_zone,0.0,0.0045137133349033,0.43735568329070257,0.47144694086876815,0.9731160989541577,0.6811812692679103,0.26241340997442153,0.0,auto_execute,nominal_or_low_risk_execution
unsafe_zone_abort_proxy,NeedlePick,none,monitor_corrected,43003,auto_execute,nominal,nominal,2.8726302720444346,auto_execute,2.8550728067811506,1.0,0.0178894894159201,41,3.0,0.0,0.0,0.0,3.0,0.0589164342429834,0.0,unsafe_zone,0.0,0.0046637253539521,0.3246811327669491,0.35406695345948164,0.9663308191433425,0.6764315734003398,0.19480867966016946,0.0,auto_execute,nominal_or_low_risk_execution
unsafe_zone_abort_proxy,NeedlePick,none,monitor_corrected,43005,auto_execute,unsafe_abort,unsafe_abort,0.8130354352389465,abort_candidate,1.0148572169795196,0.0,0.0665785082332911,43,2.0,1.0,0.0,0.0,2.0,0.0494953108471587,1.0,unsafe_zone,,0.0,0.0726359686488378,0.120319771063844,0.97600469107098,1.0,0.060159885531922,0.55,abort_candidate,unsafe_abort_or_close_to_forbidden_zone
unsafe_zone_abort_proxy,NeedlePick,none,monitor_corrected,43007,auto_execute,nominal,nominal,2.590119085688363,auto_execute,2.573176007797239,1.0,0.0176411720080896,36,1.0,0.0,0.0,0.0,1.0,0.0671385837282129,0.0,unsafe_zone,,0.0,0.290108518261486,0.3182599627709929,0.9578880870244477,0.6705216609171134,0.1740651109568916,0.0,auto_execute,nominal_or_low_risk_execution
unsafe_zone_abort_proxy,NeedlePick,none,monitor_corrected,43009,auto_execute,nominal,nominal,2.8749358880876823,auto_execute,2.857305916242264,1.0,0.0245526873064303,40,3.0,0.0,0.0,0.0,3.0,0.0581272068771298,0.0,unsafe_zone,,0.0,0.32496328504448885,0.3543506066615353,0.96714121978648,0.676998853850536,0.19497797102669331,0.0,auto_execute,nominal_or_low_risk_execution
unsafe_zone_abort_proxy,NeedlePick,none,monitor_corrected,43011,auto_execute,nominal,nominal,3.355829481123818,auto_execute,3.3437344307252794,1.0,0.0211597173884464,35,0.0,0.0,0.0,0.0,0.0,0.0734151195390998,0.0,unsafe_zone,,0.0,0.3838131629011151,0.4161375490868829,0.9514431652213154,0.6660102156549208,0.23028789774066905,0.0,auto_execute,nominal_or_low_risk_execution
unsafe_zone_abort_proxy,NeedlePick,none,monitor_corrected,43013,auto_execute,nominal,nominal,2.381088113715096,auto_execute,2.3612854767439555,1.0,0.0195893752151785,40,2.0,0.0,0.0,0.0,2.0,0.0661118601422218,0.0,unsafe_zone,,0.0,0.2645281251204315,0.2913452822930607,0.9589423554018648,0.6712596487813053,0.1587168750722589,0.0,auto_execute,nominal_or_low_risk_execution
unsafe_zone_abort_proxy,NeedlePick,none,monitor_corrected,43015,auto_execute,nominal,nominal,2.58847416778724,auto_execute,2.571447538770551,1.0,0.0239226554352522,40,1.0,0.0,0.0,0.0,1.0,0.0687022254487654,0.0,unsafe_zone,,0.0,0.28990721963957233,0.31804040981910753,0.9562824961506418,0.6693977473054492,0.17394433178374338,0.0,auto_execute,nominal_or_low_risk_execution
unsafe_zone_abort_proxy,NeedlePick,none,monitor_corrected,43017,auto_execute,unsafe_abort,unsafe_abort,0.8270968107896723,abort_candidate,1.0251345247294132,0.0,0.0751650259397296,47,2.0,1.0,0.0,0.0,2.0,0.0510584758018765,1.0,unsafe_zone,,0.0,0.07435674481562317,0.12162521143858263,0.9743995897536134,1.0,0.06081260571929131,0.55,abort_candidate,unsafe_abort_or_close_to_forbidden_zone
unsafe_zone_abort_proxy,NeedlePick,none,monitor_corrected,43019,auto_execute,nominal,nominal,2.381251701984948,auto_execute,2.361486770696663,1.0,0.016805780224411,40,2.0,0.0,0.0,0.0,2.0,0.065928923089396,0.0,unsafe_zone,,0.0,0.26454814441334573,0.2913708509788927,0.9591302002634066,0.6713911401843845,0.15872888664800744,0.0,auto_execute,nominal_or_low_risk_execution
unsafe_zone_abort_proxy,NeedlePick,near_target_drift,clean,43001,auto_recovery,execution_drift,nominal,3.793353804196818,auto_execute,3.779167259875875,1.0,0.0220062874458691,36,4.0,0.0,0.0,0.0,4.0,0.0523084602551763,0.0,unsafe_zone,0.0,0.0045137136327593,0.4373556790523218,0.4714469364763705,0.9731160708987262,0.6811812496291083,0.2624134074313931,0.0,auto_execute,nominal_or_low_risk_execution
unsafe_zone_abort_proxy,NeedlePick,near_target_drift,clean,43003,auto_recovery,execution_drift,nominal,2.872630215999788,auto_execute,2.8550727525832484,1.0,0.0178893382398011,41,3.0,0.0,0.0,0.0,3.0,0.0589164612439983,0.0,unsafe_zone,0.0,0.0046637228171031,0.32468112590842435,0.3540669465751758,0.9663307914179483,0.6764315539925638,0.1948086755450546,0.0,auto_execute,nominal_or_low_risk_execution
unsafe_zone_abort_proxy,NeedlePick,near_target_drift,clean,43005,auto_recovery,execution_drift,execution_drift,4.690401772367277,auto_recovery,4.690401772367277,1.0,0.0164449452188574,46,5.0,0.0,0.0,0.0,5.0,0.0456421810426992,0.0,unsafe_zone,,0.0,0.5471329023774814,0.5871934288857127,0.9799611920828895,0.6859728344580226,0.3282797414264888,1.0,auto_recovery,recoverable_execution_drift_or_monitor_trigger
unsafe_zone_abort_proxy,NeedlePick,near_target_drift,clean,43007,auto_recovery,execution_drift,nominal,2.5901191341323777,auto_execute,2.5731760573299725,1.0,0.0176410778805924,36,1.0,0.0,0.0,0.0,1.0,0.0671385562443693,0.0,unsafe_zone,,0.0,0.2901085241898751,0.3182599690627214,0.9578881152456239,0.6705216806719367,0.17406511451392506,0.0,auto_execute,nominal_or_low_risk_execution
unsafe_zone_abort_proxy,NeedlePick,near_target_drift,clean,43009,auto_recovery,execution_drift,nominal,2.8749362091764006,auto_execute,2.8573062310170965,1.0,0.0245532861530195,40,3.0,0.0,0.0,0.0,3.0,0.0581271249586626,0.0,unsafe_zone,,0.0,0.3249633243380709,0.35435064664474736,0.9671413039026441,0.6769989127318509,0.19497799460284254,0.0,auto_execute,nominal_or_low_risk_execution
unsafe_zone_abort_proxy,NeedlePick,near_target_drift,clean,43011,auto_recovery,execution_drift,nominal,3.3558295025587803,auto_execute,3.3437344510893063,1.0,0.0211598269321032,35,0.0,0.0,0.0,0.0,0.0,0.073415116013831,0.0,unsafe_zone,,0.0,0.383813165524242,0.41613755167355476,0.9514431688411596,0.6660102181888117,0.23028789931454519,0.0,auto_execute,nominal_or_low_risk_execution
unsafe_zone_abort_proxy,NeedlePick,near_target_drift,clean,43013,auto_recovery,execution_drift,nominal,2.381088646433817,auto_execute,2.361286008988173,1.0,0.0195894000033351,40,2.0,0.0,0.0,0.0,2.0,0.0661116095018315,0.0,unsafe_zone,,0.0,0.2645281903124658,0.29134534989958843,0.9589426127663991,0.6712598289364794,0.1587169141874795,0.0,auto_execute,nominal_or_low_risk_execution
unsafe_zone_abort_proxy,NeedlePick,near_target_drift,clean,43015,auto_recovery,execution_drift,nominal,2.588473704600325,auto_execute,2.5714470765671607,1.0,0.0239226527400715,40,1.0,0.0,0.0,0.0,1.0,0.0687024642843232,0.0,unsafe_zone,,0.0,0.28990716295656854,0.3180403511092798,0.9562822509076383,0.6693975756353467,0.17394429777394113,0.0,auto_execute,nominal_or_low_risk_execution
unsafe_zone_abort_proxy,NeedlePick,near_target_drift,clean,43017,auto_recovery,execution_drift,execution_drift,4.674432526461165,auto_recovery,4.674432526461165,1.0,0.020109954138219,50,5.0,0.0,0.0,0.0,5.0,0.0445909467566631,0.0,unsafe_zone,,0.0,0.5451786484954453,0.5851649892527568,0.9810406287298569,0.6867284401108997,0.32710718909726716,1.0,auto_recovery,recoverable_execution_drift_or_monitor_trigger
unsafe_zone_abort_proxy,NeedlePick,near_target_drift,clean,43019,auto_recovery,execution_drift,nominal,2.381252266184429,auto_execute,2.3614873474149705,1.0,0.0168048794983858,40,2.0,0.0,0.0,0.0,2.0,0.0659286475576742,0.0,unsafe_zone,,0.0,0.26454821345787244,0.2913709242345917,0.9591304831870534,0.6713913382309373,0.15872892807472347,0.0,auto_execute,nominal_or_low_risk_execution
unsafe_zone_abort_proxy,NeedlePick,near_target_drift,perturbed,43001,auto_recovery,execution_drift,unsafe_abort,3.742162696271849,auto_recovery,3.8407714942032127,0.0,0.1279592380740393,160,4.0,0.0,0.0,0.0,4.0,0.0294826380539859,0.0,unsafe_zone,0.0,0.0136959534155697,0.4310911113967003,0.4792720066895883,0.9965542609467625,1.0,0.2586546668380202,1.0,abort_candidate,unsafe_abort_or_close_to_forbidden_zone
unsafe_zone_abort_proxy,NeedlePick,near_target_drift,perturbed,43003,auto_recovery,execution_drift,execution_drift,4.674166747169594,auto_recovery,4.674166747169594,0.0,0.1163604391124222,160,5.0,0.0,0.0,0.0,5.0,0.0397665814170269,0.0,unsafe_zone,0.0,0.0113047261325777,0.5451461234648102,0.5851312295341196,0.985994421442991,0.6901960950100936,0.3270876740788861,1.0,auto_recovery,recoverable_execution_drift_or_monitor_trigger
unsafe_zone_abort_proxy,NeedlePick,near_target_drift,perturbed,43005,auto_recovery,execution_drift,execution_drift,5.71042590348187,auto_recovery,5.71042590348187,0.0,0.1038521057102546,160,6.0,0.0,0.0,0.0,6.0,0.0409117683952936,0.0,unsafe_zone,,0.0,0.6719594677469941,0.7167585558985189,0.9848185115545949,0.6893729580882164,0.4031756806481965,1.0,auto_recovery,recoverable_execution_drift_or_monitor_trigger
unsafe_zone_abort_proxy,NeedlePick,near_target_drift,perturbed,43007,auto_recovery,execution_drift,execution_drift,4.679561798075515,auto_recovery,4.679561798075515,0.0,0.1052404275452866,160,5.0,0.0,0.0,0.0,5.0,0.0304652229051532,0.0,unsafe_zone,,0.0,0.545806348702662,0.585816517690099,0.9955453154517442,0.6968817208162209,0.3274838092215972,1.0,auto_recovery,recoverable_execution_drift_or_monitor_trigger
unsafe_zone_abort_proxy,NeedlePick,near_target_drift,perturbed,43009,auto_recovery,execution_drift,execution_drift,4.685897499038091,auto_recovery,4.685897499038091,0.0,0.1147600079724298,160,5.0,0.0,0.0,0.0,5.0,0.0261269255685209,0.0,unsafe_zone,,0.0,0.5465816870169649,0.586621288748833,1.0,0.7,0.3279490122101789,1.0,abort_candidate,unsafe_abort_or_close_to_forbidden_zone
unsafe_zone_abort_proxy,NeedlePick,near_target_drift,perturbed,43011,auto_recovery,execution_drift,execution_drift,4.6745631330398245,auto_recovery,4.6745631330398245,0.0,0.1037745282767556,160,5.0,0.0,0.0,0.0,5.0,0.0357825501539586,0.0,unsafe_zone,,0.0,0.5451946316179337,0.5851815791131695,0.9900853357188518,0.6930597350031963,0.3271167789707602,1.0,auto_recovery,recoverable_execution_drift_or_monitor_trigger
unsafe_zone_abort_proxy,NeedlePick,near_target_drift,perturbed,43013,auto_recovery,execution_drift,execution_drift,4.6799183237143325,auto_recovery,4.6799183237143325,0.0,0.1022536579795053,160,5.0,0.0,0.0,0.0,5.0,0.0297002967383642,0.0,unsafe_zone,,0.0,0.5458499789164993,0.5858618041576126,0.9963307629467738,0.6974315340627416,0.3275099873498996,1.0,auto_recovery,recoverable_execution_drift_or_monitor_trigger
unsafe_zone_abort_proxy,NeedlePick,near_target_drift,perturbed,43015,auto_recovery,execution_drift,unsafe_abort,3.699001593132202,abort_candidate,3.80407124761156,0.0,0.0977972042772628,160,4.0,0.0,0.0,0.0,4.0,0.0383269159416226,0.0,unsafe_zone,,0.0,0.4258092243333087,0.47461028157348456,0.9874727100549281,1.0,0.2554855345999852,0.0,abort_candidate,unsafe_abort_or_close_to_forbidden_zone
unsafe_zone_abort_proxy,NeedlePick,near_target_drift,perturbed,43017,auto_recovery,execution_drift,unsafe_abort,3.709840824195771,auto_recovery,3.800445590741047,0.0,0.1072132862498573,160,4.0,0.0,0.0,0.0,4.0,0.0567189615667825,0.0,unsafe_zone,,0.0,0.42713568705476745,0.47414974473067517,0.96858724529773,1.0,0.25628141223286044,1.0,abort_candidate,unsafe_abort_or_close_to_forbidden_zone
unsafe_zone_abort_proxy,NeedlePick,near_target_drift,perturbed,43019,auto_recovery,execution_drift,execution_drift,4.689465819621734,auto_recovery,4.689465819621734,0.0,0.1258907088292251,160,5.0,0.0,0.0,0.0,5.0,0.0280525449086975,0.0,unsafe_zone,,0.0,0.5470183641396,0.5870745426430688,0.9980227204235,0.69861590429645,0.32821101848376,1.0,auto_recovery,recoverable_execution_drift_or_monitor_trigger
unsafe_zone_abort_proxy,NeedlePick,near_target_drift,monitor_corrected,43001,abort_candidate,unsafe_abort,unsafe_abort,1.3770902806244418,abort_candidate,1.3595445694614494,0.0,0.0848701525391103,33,1.0,2.0,0.0,0.0,1.0,0.0453969226531751,1.0,unsafe_zone,0.0,0.0105936783326215,0.14166279544808832,0.16410252015942592,0.9802130302289099,1.0,0.08499767726885299,0.55,abort_candidate,unsafe_abort_or_close_to_forbidden_zone
unsafe_zone_abort_proxy,NeedlePick,near_target_drift,monitor_corrected,43003,abort_candidate,unsafe_abort,unsafe_abort,0.219488375849991,abort_candidate,0.0676187681400133,0.0,0.067885167862952,38,2.0,2.0,0.0,0.0263157894736842,2.0,0.0497131752659965,1.0,unsafe_zone,0.0,0.0102127911705024,0.0,0.0,0.9757809818171176,1.0,0.0102127911705024,0.55,abort_candidate,unsafe_abort_or_close_to_forbidden_zone
unsafe_zone_abort_proxy,NeedlePick,near_target_drift,monitor_corrected,43005,abort_candidate,unsafe_abort,unsafe_abort,1.4079451302308896,abort_candidate,1.3895209338087138,0.0,0.1005844832138004,42,1.0,2.0,0.0,0.0,1.0,0.0499098515615299,1.0,unsafe_zone,,0.0,0.14543869131552936,0.16791016679793386,0.975579029118458,1.0,0.08726321478931762,0.55,abort_candidate,unsafe_abort_or_close_to_forbidden_zone
unsafe_zone_abort_proxy,NeedlePick,near_target_drift,monitor_corrected,43007,auto_recovery,execution_drift,unsafe_abort,2.708118223245004,abort_candidate,2.777000570862366,1.0,0.0215073948322638,35,3.0,1.0,0.0,0.0571428571428571,3.0,0.0568329623491175,0.0,unsafe_zone,,0.0,0.30454879139665697,0.34415009085355697,0.9684701861189438,1.0,0.18272927483799417,0.55,abort_candidate,unsafe_abort_or_close_to_forbidden_zone
unsafe_zone_abort_proxy,NeedlePick,near_target_drift,monitor_corrected,43009,abort_candidate,unsafe_abort,unsafe_abort,1.3676552480236712,abort_candidate,1.3506701945508568,0.0,0.0815649180464776,37,1.0,2.0,0.0,0.0,1.0,0.0509475261587727,1.0,unsafe_zone,,0.0,0.1405081730447765,0.16297528259966956,0.9745135159376478,1.0,0.0843049038268659,0.55,abort_candidate,unsafe_abort_or_close_to_forbidden_zone
unsafe_zone_abort_proxy,NeedlePick,near_target_drift,monitor_corrected,43011,auto_recovery,execution_drift,unsafe_abort,2.3626799048411926,abort_candidate,2.4420276555436584,1.0,0.0174218784347318,34,2.0,1.0,0.0,0.0294117647058823,2.0,0.0620786424821525,0.0,unsafe_zone,,0.0,0.2622754004855514,0.3016012853937354,0.9630837756402504,1.0,0.15736524029133084,0.55,abort_candidate,unsafe_abort_or_close_to_forbidden_zone
unsafe_zone_abort_proxy,NeedlePick,near_target_drift,monitor_corrected,43013,auto_recovery,execution_drift,unsafe_abort,2.703417969832148,abort_candidate,2.772521665170639,1.0,0.0232456429320646,39,3.0,1.0,0.0,0.0512820512820512,3.0,0.0545891328083582,0.0,unsafe_zone,,0.0,0.30397359275968744,0.3435811729553177,0.9707742127931273,1.0,0.18238415565581245,0.55,abort_candidate,unsafe_abort_or_close_to_forbidden_zone
unsafe_zone_abort_proxy,NeedlePick,near_target_drift,monitor_corrected,43015,auto_recovery,execution_drift,unsafe_abort,2.714220900613902,abort_candidate,2.7830524426921035,1.0,0.018331198250795,40,3.0,1.0,0.0,0.075,3.0,0.0618596093199936,0.0,unsafe_zone,,0.0,0.30529561319457404,0.344918809473408,0.9633086849923103,1.0,0.1831773679167444,0.55,abort_candidate,unsafe_abort_or_close_to_forbidden_zone
unsafe_zone_abort_proxy,NeedlePick,near_target_drift,monitor_corrected,43017,abort_candidate,unsafe_abort,unsafe_abort,1.3602165289929404,abort_candidate,1.3440004030027717,0.0,0.0751250102696865,48,3.0,2.0,0.0,0.0208333333333333,3.0,0.0419181187835725,1.0,unsafe_zone,,0.0,0.13959785169155486,0.1621280748104457,0.9837851629440828,1.0,0.08375871101493292,0.55,abort_candidate,unsafe_abort_or_close_to_forbidden_zone
unsafe_zone_abort_proxy,NeedlePick,near_target_drift,monitor_corrected,43019,auto_recovery,execution_drift,unsafe_abort,2.706900972845764,abort_candidate,2.776053721364751,1.0,0.0209140374636467,39,3.0,1.0,0.0,0.0512820512820512,3.0,0.0533666109970781,0.0,unsafe_zone,,0.0,0.3043998290516527,0.34402982048771136,0.9720295322422186,1.0,0.1826398974309916,0.55,abort_candidate,unsafe_abort_or_close_to_forbidden_zone
